Gene,Value
TCEA1,0.628222203
ATP6V1H,0.485274204
RB1CC1,0.638298667
PCMTD1,0.454767449
RRS1,0.797633134
COPS5,0.332550425
ARFGEF1,0.399079426
SULF1,0.822093525
TRAM1,0.879202861
RPL7,13.19680328
RDH10,0.997454798
UBE2W,0.404697054
ELOC,2.808032619
LY96,0.401552739
CRISPLD1,0.329519472
TFAP2B,0.329691924
SMAP1,0.588649234
LMBRD1,0.604916081
PHF3,0.491069098
PTP4A1,4.259955918
ZFP451,1.03202367
DST,1.178391911
FAM168B,0.408241405
ARID5A,0.669363107
COX5B,3.548282314
ACTR1B,0.361995953
UNC50,0.56128585
MRPL30,1.11966719
TXNDC9,0.737932949
EIF5B,0.913977582
PDCL3,0.821339777
RPL31,3.311813015
RNF149,0.526241547
MAP4K4,0.92904682
IL1R1,1.784462118
FHL2,1.361673812
1500015O10RIK,22.0292928
TPP2,0.54455734
TEX30,0.313077511
COL3A1,5.645111019
COL5A2,1.985690994
GLS,1.828561716
NAB1,0.399177195
STK17B,1.132086063
SF3B1,2.612551623
COQ10B,2.836794359
HSPD1,1.923858265
HSPE1,2.303871825
MOB4,0.82072813
SPATS2L,0.493842653
BZW1,2.365700285
CLK1,0.88053492
NDUFB3,1.099964886
CFLAR,0.707496407
TMEM237,0.33647776
SUMO1,3.447595745
NOP58,2.695038072
BMPR2,1.132140819
NBEAL1,0.547175408
CYP20A1,0.436823771
RAPH1,0.701708868
NRP2,1.588358957
EEF1B2,6.531936662
ZDBF2,0.326697343
KLF7,0.312781614
ACADL,0.472483106
FN1,4.064435565
RPL37A,15.94988862
IGFBP2,35.91672141
IGFBP5,52.3088479
TNS1,0.629136598
ARPC2,3.563725559
AAMP,1.160152559
PNKD,0.353403504
TMBIM1,1.898626512
CTDSP1,0.361134829
USP37,0.41984649
STK16,0.627551058
CHPF,0.888036091
EPHA4,0.345193051
ACSL3,1.237940103
UTP14B,0.472212395
KCNE4,0.889819072
SERPINE2,33.2539268
CUL3,1.035884121
MFF,0.619100507
AGFG1,0.589140037
PID1,0.371921408
DNER,0.374735159
TRIP12,0.583452207
CAB39,0.537754047
ITM2C,3.833429381
PSMD1,0.73838845
NCL,5.283675251
PTMA,28.50280946
EIF4E2,0.627951187
ACKR3,0.571002955
COPS8,1.05124377
COL6A3,1.877230582
LRRFIP1,0.560068555
UBE2F,0.987606022
ILKAP,0.320557369
NDUFA10,0.535329013
COPS9,0.734674968
GPC1,0.596311721
HDLBP,2.715349771
STK25,0.338597977
DTYMK,0.518763565
FAM174A,0.431844741
PAM,4.849444018
KDSR,0.327848699
VPS4B,0.379761044
TSN,1.075376765
NIFK,0.724556766
TMEM37,0.421632651
DBI,4.111473388
STEAP3,0.957879266
DDX18,0.331653628
ACTR3,1.19192402
SLC35F5,0.50699504
CCNT2,0.312553433
UBXN4,1.688135663
YOD1,0.44033274
MAPKAPK2,1.173495052
SLC41A1,1.074552447
NUCKS1,1.135690182
ELK4,0.446237128
PPP1R15B,0.79559529
SNRPE,1.653789675
ATP2B4,0.534760459
PRELP,4.400506663
FMOD,15.03327178
BTG2,1.141316987
CHIL1,26.38291945
TMEM183A,0.427284674
CYB5R1,0.594484717
ADIPOR1,0.676334332
KDM5B,0.356823844
ARL8A,0.490677742
TIMM17A,1.051809295
NAV1,0.642133352
CSRP1,2.560485106
PHLDA3,0.959843125
TMEM9,0.501715476
CAMSAP2,0.319201367
NEK7,0.37429617
CFH,2.467875806
CDC73,0.401831862
GLRX2,0.364911173
RGS2,1.420716499
PLA2G4A,1.029055009
PTGS2,14.58564368
BC003331,0.398126873
TPR,0.945546469
PRG4,0.459183897
HMCN1,1.048287544
IVNS1ABP,0.479962823
SWT1,0.334557429
RNF2,0.347199275
1700025G04RIK,0.764585051
RGL1,0.387633096
ARPC5,1.198718025
LAMC1,0.556289249
DHX9,0.723104571
RGS16,0.313024606
GLUL,2.938770209
IER5,9.127929551
STX6,1.026424441
ACBD6,0.587157164
QSOX1,0.472229638
TOR1AIP1,1.514918937
TOR1AIP2,0.83517392
GM2000,0.410207498
ABL2,0.46027425
TOR3A,0.60601165
COP1,0.393241559
4930523C07RIK,0.640195015
MRPS14,1.120625797
CACYBP,0.851162052
RC3H1,0.432908363
PRDX6,3.741717382
SUCO,1.695631991
VAMP4,0.700937471
MYOC,18.51634593
PRRC2C,2.17392488
FMO1,3.198100724
PRRX1,1.679621304
SELP,0.42671247
ATP1B1,0.490398996
TIPRL,0.728467972
MPC2,2.034736376
MPZL1,0.56086709
CREG1,1.079006562
UCK2,0.863584915
TMCO1,1.016142782
PBX1,0.880150884
RGS5,5.556557443
DDR2,1.066109321
UAP1,4.274830893
OLFML2B,0.343419136
ATF6,0.903185081
SDHC,0.309740861
NDUFS2,0.883715437
ADAMTS4,0.823588797
UFC1,0.956452285
PFDN2,1.622976477
F11R,0.536525658
COPA,0.727359934
PEA15A,0.572272832
IGSF8,0.416107971
TAGLN2,5.968748204
ADSS,0.915947736
DESI2,0.817476823
COX20,0.411122285
HNRNPU,2.806211401
AHCTF1,0.546287322
CDC42BPA,0.700606936
ACBD3,0.927788362
H3F3A,13.9378537
SDE2,1.013758402
EPHX1,0.760187767
CNIH4,0.627343493
WDR26,0.582162367
ENAH,0.371842104
SRP9,2.017890704
DEGS1,1.52695258
CAPN2,1.031076877
AIDA,0.345674047
MIA3,0.356462749
MARC2,0.995347869
EPRS,1.59164729
TGFB2,2.384917291
RRP15,0.503781279
ATF3,2.68275465
NENF,5.465367288
PPP2R5A,0.326206761
LPGAT1,0.6370604
G0S2,0.856950077
CD34,0.649495957
CR1L,0.651749894
FAM107B,1.096363099
FRMD4A,0.587937471
PHYH,0.34697115
CCDC3,1.005916802
CDC123,0.33691799
CELF2,0.352378397
ATP5C1,1.792433844
ITIH5,0.551760576
PFKFB3,1.047693059
RBM17,0.587247055
ITGA8,0.411927027
RSU1,1.029190675
VIM,40.43650768
ARL5B,0.525626309
PLXDC2,1.448609347
DNAJC1,0.644709976
COMMD3,0.546589541
ARHGAP21,0.334431075
ABI1,0.31097897
YME1L1,0.428134693
MRPL41,0.415795035
TUBB4B,5.490728151
DPP7,0.449347448
ENTPD2,0.442020002
NPDC1,1.520876158
PAXX,0.438782281
PTGDS,1.100654379
EDF1,2.087703901
PHPT1,0.362735636
BMYC,0.359974594
DNLZ,0.31527201
SDCCAG3,0.311802947
NOTCH1,0.551987558
RPL7A,9.203002977
SURF1,0.384145397
SURF2,0.306946553
SURF4,0.878189624
COL5A1,0.95522769
OLFM1,0.417949754
SPTAN1,0.868470553
SET,1.960892874
LRRC8A,0.473018282
PTPA,0.354829735
NTMT1,0.381918097
PRRX2,1.060569831
PTGES,2.913043514
BC005624,0.681800797
NCS1,0.430845163
PRRC2B,0.453764771
SWI5,3.026736237
1110008P14RIK,0.365439548
SLC25A25,0.337557322
DPM2,0.350951289
AK1,1.040111597
ENG,1.044531302
CDK9,0.534046961
FAM129B,0.719706355
RPL12,7.983837099
ANGPTL2,0.337246755
MAPKAP1,0.359006276
GAPVD1,0.309390924
HSPA5,12.88435071
FBXW2,0.602484222
RAB14,1.403249446
GSN,13.04461812
STOM,0.336709949
NDUFA8,0.74950942
RBM18,0.974822169
RC3H2,0.314947566
NEK6,0.448734889
PSMB7,0.922648106
OLFML2A,0.392229423
RPL35,7.312635859
ARPC5L,0.655330275
PPP6C,0.363480808
ZEB2,1.167285792
EPC2,0.372514178
RND3,1.219316412
TNFAIP6,5.70787271
ARL5A,0.329377696
FMNL2,0.556394588
PRPF40A,0.653215037
NR4A2,5.674630094
GPD2,0.341268264
ACVR1,0.597212247
BAZ2B,0.706024669
MARCH7,0.488399763
CD302,3.422843147
RBMS1,2.037358486
PSMD14,0.475894985
FAP,0.332438493
IFIH1,0.496956768
PPIG,0.795463567
SSB,2.384338883
GORASP2,0.727439952
DYNC1I2,0.36205389
HAT1,0.502728129
OLA1,0.413063591
ATP5G3,2.130816756
HNRNPA3,1.884802661
NFE2L2,1.951512263
FKBP7,1.838418959
UBE2E3,0.739416268
DNAJC10,0.897151835
NCKAP1,0.816739604
ZC3H15,1.890469451
ITGAV,2.082448408
FAM171B,0.355156145
CALCRL,0.30059082
TFPI,0.831205285
SELENOH,0.303719701
ZDHHC5,0.413563511
SERPING1,8.587516419
TIMM10,0.766611455
SSRP1,0.459727336
TNKS1BP1,0.346983297
FNBP4,0.460585238
MTCH2,0.667706847
NDUFS3,0.600324631
CELF1,0.415280406
PSMC3,0.732746795
ARFGAP2,0.420007869
MDK,4.957611183
CREB3L1,1.103830101
CRY2,0.320288534
TSPAN18,0.732209865
CD82,0.716023063
EXT2,0.657649118
GM13889,10.37252
HSD17B12,0.554122875
API5,0.51771981
B230118H07RIK,0.323207681
TRIM44,0.39007604
FJX1,1.241091536
CD44,2.667250191
CAPRIN1,0.62225659
CD59A,0.832278013
HIPK3,0.842524859
EIF3M,0.780867389
RCN1,1.514389855
IMMP1L,0.577490238
BDNF,0.415758217
LIN7C,0.493936783
FIBIN,0.591446109
NOP10,1.218886704
EMC4,0.651241467
EMC7,1.724901112
SPRED1,1.374067977
THBS1,17.04459868
SRP14,3.082628238
CHAC1,0.797146038
INO80,0.53157956
CHP1,0.765663632
1700020I14RIK,0.3640513
RTF1,0.581107651
EHD4,1.330937107
ZFP106,0.615552367
SNAP23,0.308671874
PDIA3,5.300671158
SERF2,10.42743071
HYPK,0.452359178
CASC4,0.853604526
EIF3J1,0.63788249
B2M,6.567651312
SLC30A4,0.322258254
DUT,0.493733931
FBN1,0.911180074
EID1,1.137830981
SECISBP2L,0.310674744
COPS2,0.594266921
FGF7,0.554286766
USP50,0.634806017
TRPM7,0.592827066
SPPL2A,0.676426071
BCL2L11,0.346940888
TMEM87B,0.356406348
FBLN7,0.498117787
SLC20A1,0.591103245
SNRPB,3.750594047
NOP56,1.146390903
IDH3B,0.508624742
CPXM1,3.497362949
PTPRA,0.489326135
MRPS26,0.360436734
DDRGK1,1.4572202
CENPB,0.77244829
PRNP,1.822563839
BMP2,0.466795184
TMX4,0.641147164
JAG1,0.516099273
BTBD3,0.379190185
ESF1,0.980366545
SNRPB2,0.350884062
DSTN,2.987889225
RRBP1,2.740230553
SNX5,0.334606871
SEC23B,0.30262746
DTD1,0.39709167
RIN2,0.820813656
NAA20,0.694126382
XRN2,0.609599087
THBD,2.086135714
NXT1,0.305243876
CST3,130.2125795
NSFL1C,0.540928881
FKBP1A,1.994018152
SRXN1,2.419123335
RBCK1,0.308498914
H13,1.227389301
ID1,2.002270624
COX4I2,0.316322445
FOXS1,0.55600016
PDRG1,0.524248162
TM9SF4,0.414084965
ASXL1,0.316054187
MAPRE1,2.525189217
BPIFB1,1.10175815
CHMP4B,2.80291089
RALY,2.758251378
EIF2S2,5.000578271
DYNLRB1,1.028769588
MAP1LC3A,5.533056719
TRP53INP2,0.472037031
PROCR,11.21020095
EIF6,3.094192547
ERGIC3,2.769085267
ROMO1,1.50274796
RBM39,3.937563994
SCAND1,1.590940925
2900097C17RIK,0.892182836
DLGAP4,0.880103219
MYL9,2.443246523
1110008F13RIK,1.064744102
SAMHD1,2.783577733
RPN2,1.921956049
MANBAL,0.526523243
TGM2,1.139077377
LBP,5.459654254
MAFB,0.998948751
TOP1,8.689516417
SRSF6,1.194118452
OSER1,0.82157559
SERINC3,2.423062731
PKIG,1.004328231
WISP2,1.410840143
YWHAB,2.132652887
MATN4,1.887919124
SDC4,14.11730336
SYS1,0.89707805
PIGT,0.329604618
CTSA,1.037435754
PLTP,0.803982796
EYA2,0.408558446
STAU1,0.844862328
DDX27,0.371415663
PTGIS,4.458437612
B4GALT5,0.38741467
CEBPB,18.82294387
PTPN1,1.614870733
DPM1,0.471604354
TSHZ2,1.041856778
PFDN4,0.374330082
PMEPA1,14.33357328
RAB22A,0.521488346
VAPB,0.598611502
GNAS,29.00467632
CTSZ,2.874832664
ATP5E,5.267848448
PRELID3B,0.611719145
EDN3,3.715490687
PSMA7,2.154475293
ADRM1,1.11055752
RPS21,14.07267273
OGFR,0.706900633
DIDO1,0.315321001
YTHDF1,0.606228992
PPDPF,0.392300637
HELZ2,0.676479206
TPD52L2,0.709243994
DNAJC5,0.504874032
PLP2,0.456544839
PRAF2,0.518150543
PQBP1,0.320764442
RBM3,9.879763021
EBP,0.732530907
DYNLT3,0.805214826
SRPX,0.459775362
TSPAN7,0.37039841
MID1IP1,0.984879402
ATP6AP2,2.85585274
USP9X,1.62110168
DDX3X,3.031233352
CASK,0.55463217
NDUFB11,2.782611915
UBA1,0.61750816
TIMP1,10.17614032
IL13RA1,0.341559532
PGRMC1,2.104911799
SLC25A5,3.435832865
UBE2A,1.298176006
RPL39,13.81969358
NDUFA1,1.951859896
LAMP2,3.112959676
MCTS1,0.379218267
THOC2,0.4623769
STAG2,0.349934829
HS6ST2,0.302135021
GPC4,0.687476517
GPC3,6.998728638
HPRT,0.898796835
MOSPD1,0.669293054
RTL8A,0.493246975
FHL1,0.686430647
HTATSF1,0.491233775
RBMX,0.43616432
FMR1,0.689809721
VMA21,0.576375526
CETN2,0.449051069
BGN,37.02539608
SLC6A8,0.567460769
BCAP31,1.796617167
IDH3G,0.329363784
SSR4,3.920195138
IRAK1,0.310102013
FLNA,0.854364405
EMD,0.706539808
RPL10,10.43631462
ATP6AP1,1.404996204
GDI1,0.326113949
LAGE3,0.309353372
FUNDC2,0.936382529
VBP1,0.441500956
PLS3,1.009051206
TBL1X,0.396167376
PRKX,0.501620894
TMEM47,1.04634767
EIF2S3X,0.356342659
MAGED1,2.427527945
MSN,1.209155755
AR,0.804395712
PJA1,0.551002617
NONO,0.567744949
OGT,0.447803187
PIN4,0.353145212
RPS4X,25.0604901
XIST,1.384648418
SLC16A2,0.327418657
RLIM,0.714183459
PBDC1,0.670621652
ATRX,0.745837875
MAGT1,0.43925257
COX7B,2.068822461
PGK1,1.479130607
ITM2A,4.896577465
HMGN5,0.385383788
SH3BGRL,0.886752983
TNMD,8.559400184
TSPAN6,2.783109993
SRPX2,1.522476791
TIMM8A1,0.987670925
RPL36A,6.009181804
HNRNPH2,0.465856018
ARMCX3,0.397095882
TCEAL8,1.695407685
TCEAL9,2.872593638
BEX3,0.91444787
TCEAL3,0.411606675
MORF4L2,2.049731975
NRK,0.795658067
MUM1L1,0.306729982
TSC22D3,1.061041689
ACSL4,0.574068065
MAGED2,1.411697643
HUWE1,0.8863258
HSD17B10,0.995155199
SMC1A,1.113959319
MAGEH1,0.304948023
NBDY,1.1074973
SAT1,15.4629626
ACOT9,1.050213225
PRDX4,3.899621805
RPS6KA3,0.911122503
EIF1AX,1.405677604
PDHA1,1.016551011
RBBP7,1.766342406
SYAP1,0.476290312
ZRSR2,0.745017453
GPM6B,0.779599593
RAB9,0.384813991
TMSB4X,59.71782384
MID1,0.609493323
ZFHX4,0.566660153
GM8797,2.26239601
MRPS28,0.706971049
TPD52,0.376650564
FABP5,0.662167299
1810022K09RIK,0.820866847
CAR3,0.456586642
YTHDF3,0.346412271
CP,0.359751564
FNDC3B,1.316508565
RPL22L1,9.122646022
SEC62,2.761385461
SKIL,3.705043881
GNB4,1.02019187
ACTL6A,0.413176227
NDUFB5,1.64389226
TTC14,0.630978619
FXR1,0.559082674
DNAJC19,0.835529896
ATP11B,0.405326813
ANXA5,6.139380682
4932438A13RIK,0.570636209
FGF2,0.708612474
SPRY1,1.084795456
FAT4,0.316508202
LARP1B,0.877625334
SLC7A11,0.302010862
NOCT,0.712844362
ELF2,0.651140798
MGARP,4.211250612
NDUFC1,1.568918572
NAA15,0.518719333
FOXO1,0.891469527
LHFP,1.508303839
UFM1,0.982789452
POSTN,2.866877585
ALG5,0.355181899
RFXAP,0.388906231
DCLK1,2.240304883
TM4SF1,83.64438262
WWTR1,4.428800628
COMMD2,0.311706784
RNF13,0.785778444
PFN2,0.717170892
TSC22D2,0.997398139
SERP1,1.232074043
SELENOT,0.625266075
SIAH2,0.93003722
IGSF10,0.677398049
MBNL1,1.774273987
RAP2B,0.402327759
DHX36,0.511834487
GMPS,0.410741046
SSR3,1.550499672
TIPARP,5.523160776
CCNL1,2.458534737
PTX3,1.997463319
KPNA4,0.992742463
NMD3,0.494204653
PDCD10,1.153918096
GOLIM4,1.35547354
PPID,0.608774161
FAM198B,0.30937293
SFRP2,4.254131176
RPS3A1,24.67280871
HDGF,1.172612536
MRPL24,0.485722123
CRABP2,2.29895297
NES,0.347972247
NAXE,0.735496559
MEF2D,0.516279376
CCT3,1.223508408
GLMP,0.434264959
LMNA,19.8081989
LAMTOR2,1.384171526
SSR2,1.262947443
ARHGEF2,0.309450521
2810403A07RIK,0.34185983
DAP3,0.311768935
ASH1L,0.762691287
FDPS,0.30707333
KRTCAP2,1.909234753
DPM3,1.00948297
SLC50A1,1.018009298
CKS1B,0.466663264
SHC1,0.417393219
PBXIP1,0.432584717
PMVK,0.350858854
HAX1,0.578380593
UBAP2L,0.541805472
TPM3,4.676923316
RPS27,14.69658234
RAB13,0.372251712
JTB,0.942801561
SLC39A1,1.540968225
ILF2,0.843638527
CHTOP,0.929496054
S100A1,1.193165465
S100A13,2.474879273
S100A16,1.307080838
S100A4,1.312826973
S100A6,39.83009452
S100A11,9.622537793
S100A10,14.13766209
MRPL9,0.310077797
PSMB4,2.277112445
PSMD4,0.968691261
CDC42SE1,0.317489268
CERS2,0.734478155
ARNT,0.339595096
CTSK,3.883980933
ENSA,0.457061723
MCL1,6.283874902
ECM1,1.85203955
MRPS21,0.739033256
ANP32E,0.729845196
SF3B4,0.529692442
TXNIP,0.417812022
LIX1L,0.67205858
RBM8A,0.78333227
RNF115,0.322044677
PRKAB2,0.540214706
SEC22B,0.873580325
NOTCH2,0.850783606
PHGDH,0.566544117
MAN1A2,0.593306894
PTGFRN,0.492197345
IGSF3,0.683177241
ATP1A1,2.533415257
NGF,3.498254801
CSDE1,1.654856262
NRAS,0.377541297
BCAS2,0.879306631
OLFML3,2.464862281
HIPK1,0.656797458
RSBN1,0.364709194
SLC16A1,1.015360126
RHOC,3.983981157
CAPZA1,0.333209932
RAP1A,1.198220842
ATP5F1,2.838871822
LAMTOR5,0.724897671
AHCYL1,0.398544786
CSF1,1.900417475
GSTM5,1.119578679
GSTM2,0.537177713
GSTM1,1.55059527
GNAI3,0.803647596
PSMA5,1.512068672
SARS,0.774975264
TAF13,0.533029907
PRPF38B,0.468005099
COL11A1,1.323228053
VCAM1,3.939747203
MFSD14A,0.597505681
SNX7,0.409217506
CNN3,4.216551607
F3,2.039668892
ARHGAP29,0.973529375
GCLM,1.70213654
DNTTIP2,0.889529625
PDE5A,0.439292165
1810037I17RIK,2.875120411
USP53,0.34806386
SEC24D,0.478299464
PRSS12,1.127048566
CAMK2D,1.106127061
ANK2,0.40806769
LARP7,0.377471573
TIFA,0.577417302
PITX2,1.318825885
ELOVL6,0.345329218
GAR1,0.48747961
PLA2G12A,0.37281336
OSTC,1.708825395
RPL34,13.17780818
HADH,0.409968492
SGMS2,0.834830967
PAPSS1,0.37707272
DKK2,0.672067182
AIMP1,0.463869178
TET2,0.422017405
CISD2,1.321087228
UBE2D3,5.748064928
NFKB1,3.331206622
PPP3CA,0.656972615
EMCN,0.669515125
H2AFZ,10.66849733
LAMTOR3,0.572890205
ADH5,0.520716379
EIF4E,2.546536072
PDLIM5,0.665798795
GBP7,0.416273205
GBP3,0.328697132
GBP2,3.448305811
GTF2B,0.965634022
PKN2,0.743188073
LMO4,3.02594883
HS2ST1,0.596048862
SELENOF,6.648055948
SH3GLB1,4.251091245
ZNHIT6,0.399413594
CYR61,2.783816409
BCL10,1.164660932
2410004B18RIK,0.425553775
GNG5,8.733372741
DNAJB4,0.798861514
FUBP1,0.860320797
ZZZ3,0.312539447
PIGK,0.418245517
RABGGTB,0.91568632
ACADM,0.448121637
ZRANB2,0.446837446
ANKRD13C,0.380811943
SRSF11,1.675092701
WLS,1.322766394
RPS20,31.33631286
CHCHD7,0.799470973
GM11808,0.974468556
PENK,19.39743248
IMPAD1,0.478586956
SDCBP,3.924475286
RAB2A,2.104180996
ASPH,0.348750674
GEM,11.28522853
FAM92A,0.683779999
SLC26A7,0.833787816
TMEM64,0.33788265
OSGIN2,0.323021885
CPNE3,0.340220377
GGH,0.97311521
PNISR,0.400270118
NDUFAF4,0.450818809
UBE2J1,1.53537017
PNRC1,2.850053871
AKIRIN2,0.420397425
DDX58,0.42402407
TOPORS,0.46354696
NDUFB6,1.117717287
DNAJA1,9.217659691
SMU1,0.393377407
B4GALT1,0.530134935
BAG1,1.613126054
CHMP5,0.789882951
UBE2R2,1.489072152
ENHO,0.496002933
CNTFR,0.504449158
IL11RA1,2.292324555
RPP25L,0.348288492
DCTN3,0.720386738
GM13305,5.933496197
VCP,1.652069233
CCDC107,0.518899356
TPM2,3.011880707
TLN1,1.10023824
CREB3,0.313869712
RECK,0.864870176
CLTA,2.940102766
TOMM5,0.968115693
EXOSC3,0.544926728
SLC25A51,0.417940745
SHB,0.383868311
ANP32B,1.890260033
TGFBR1,0.541450025
SEC61B,2.87894499
NR4A3,0.968493805
ERP44,0.848350867
MRPL50,0.486520584
ABCA1,0.737380826
SLC44A1,0.519684355
ZFP462,0.322174769
RAD23B,0.742514427
KLF4,6.673469436
CTNNAL1,0.592441482
AKAP2,0.529703683
TXN1,11.72546484
SVEP1,0.819724846
LPAR1,0.370510376
AI314180,0.400067569
DNAJC25,0.627962075
UGCG,1.468299215
PTBP3,0.925934776
SLC31A1,0.601506546
CDC26,0.358634532
RGS3,1.540708231
COL27A1,0.589549845
ATP6V1G1,2.921112141
TNC,0.759656096
BRINP1,0.369169865
TLE1,0.576907404
PTPRD,0.582758085
NFIB,1.333187195
TTC39B,0.499191672
PSIP1,0.613406136
RRAGA,0.945178156
RPS6,6.172337721
HACD4,0.402918444
KLHL9,0.302080713
MYSM1,0.341039709
JUN,3.906781048
NFIA,1.643576635
TM2D1,0.566164799
DOCK7,0.416747074
CACHD1,0.368911609
JAK1,2.940512872
LEPROT,0.58520149
PDE4B,2.053860137
MIER1,0.689942217
PLPP3,6.938713438
SSBP3,0.607836578
TMEM59,5.463426815
YIPF1,0.373118249
GLIS1,0.418533588
MAGOH,2.163559693
0610037L13RIK,0.430197124
SCP2,1.009710328
GPX7,0.321701385
ZCCHC11,0.468502692
PRPF38A,0.501905457
ZFYVE9,0.337860286
TXNDC12,0.339836808
KTI12,0.550904273
NRD1,0.531487111
OSBPL9,0.465680443
RNF11,1.171783123
CMPK1,0.767903517
EFCAB14,0.500924761
UQCRH,5.187076645
NASP,0.951509237
AKR1A1,2.271568428
PRDX1,10.01374069
RPS8,16.18118235
ERI3,0.421854284
GM12840,1.143409721
ATP6V0B,2.020215086
MED8,0.362638329
ELOVL1,1.056195113
EBNA1BP2,0.888148826
SLC2A1,2.148884789
SVBP,1.262886595
YBX1,6.572117912
HIVEP3,0.759481803
CTPS,0.627255573
RLF,0.30856296
PPT1,0.777998847
CAP1,0.527515477
PABPC4,0.52913599
MACF1,0.991435307
NDUFS5,1.649585873
AKIRIN1,0.853454541
RRAGC,0.616236846
UTP11,0.380656237
1110065P20RIK,0.374171441
YRDC,1.216823288
GNL2,0.409827232
MRPS15,0.402737911
STK40,1.313673499
EVA1B,0.439276975
THRAP3,0.474588264
MAP7D1,2.421500889
TRAPPC3,0.609022158
COL8A2,2.486367717
PSMB2,2.723328797
SFPQ,2.730076518
GJA4,0.35505445
GJB3,0.728181824
PHC2,1.060511953
AK2,0.469449109
RNF19B,1.421930306
YARS,0.521317488
RBBP4,0.927072382
MARCKSL1,3.5437335
HDAC1,0.422337981
EIF3I,2.101696824
TMEM234,0.671726635
KHDRBS1,1.048486355
PTP4A2,2.799605348
COL16A1,1.847560307
FABP3,0.33479471
SNRNP40,0.444650909
PUM1,0.620749311
SDC3,0.503291667
YTHDF2,0.444454089
SNHG12,1.359611543
SESN2,0.858550193
ATPIF1,1.876923146
DNAJC8,0.854255893
STX12,0.966025577
FAM76A,0.682623615
WASF2,0.54498059
SLC9A1,0.320131452
NUDC,0.982480945
HMGN2,1.36623134
SH3BGRL3,1.765480901
ZFP593,0.43698514
MTFR1L,0.46908981
SELENON,0.343010536
TMEM57,0.647190588
TMEM50A,1.414878775
RSRP1,1.690871815
SYF2,0.7191563
CLIC4,6.101512327
SRRM1,0.99978329
SRSF10,1.274161697
PNRC2,0.316853754
FUCA1,3.202338489
ELOA,0.345886948
RPL11,14.80319008
ID3,14.94251439
HNRNPR,0.534566377
LUZP1,2.922306464
KDM1A,0.929355623
CDC42,4.502248498
HSPG2,1.179714431
ALPL,1.000266959
ECE1,1.910414021
EIF4G3,0.524752802
HP1BP3,0.539095172
DDOST,3.248830043
PINK1,0.611536994
CDA,1.307067343
MUL1,0.347987826
CAMK2N1,0.867134928
NBL1,4.501500813
MINOS1,2.560337108
CAPZB,1.480880055
MRTO4,0.725713624
UBR4,0.450900966
RCC2,0.302005047
SDHB,0.906625436
MFAP2,1.189225779
NECAP2,0.354900542
SZRD1,0.402245251
PLEKHM2,0.471588052
DDI2,0.519596104
EFHD2,0.899662899
TMEM51,0.456418538
KAZN,0.51572065
PRDM2,0.32262039
PDPN,4.4455274
ANGPTL7,1.026618765
SRM,0.628343029
TARDBP,0.487774681
KIF1B,0.705803298
UBE4B,0.345250439
CTNNBIP1,0.715185144
CLSTN1,0.541391734
SLC25A33,0.507280089
SPSB1,1.824843246
ENO1,0.650920582
RERE,0.343326967
ERRFI1,15.64005251
PARK7,2.329546209
CAMTA1,0.430221802
VAMP3,0.531121859
KLHL21,0.842654348
ACOT7,0.508151226
RPL22,7.671627681
TPRGL,1.595338458
RER1,1.555238413
SKI,1.245307705
GNB1,1.931209987
CDK11B,0.606764108
MMP23,0.533488362
SSU72,0.51586442
MRPL20,1.543416332
CCNL2,0.745468696
AURKAIP1,0.865952056
MXRA8,2.34175657
UBE2J2,0.736336537
C1QTNF12,0.3462312
SDF4,2.318110171
AGRN,0.446642256
ISG15,11.53519492
FAM133B,0.572951705
GATAD1,0.682935121
KRIT1,0.567462571
AKAP9,0.488205442
CYP51,1.071887349
FZD1,1.312170003
CDK14,0.511416724
STEAP4,0.446214913
SRI,1.250515328
SEMA3D,0.366371687
CACNA2D1,0.469830818
SEMA3C,0.314753138
PTPN12,0.371360582
FGL2,3.970074007
PMPCB,0.405775476
PSMC2,0.872163969
5031425E22RIK,0.435859666
KMT2E,1.057907203
SRPK2,0.625268237
TOMM7,1.908633059
KLHL7,0.336861188
ABCF2,0.336793588
RHEB,4.448622072
INSIG1,0.713653399
DNAJB6,2.320821439
IL6,2.07658007
HADHA,0.468878965
HADHB,0.488112524
OST4,2.760424597
EMILIN1,1.160811614
CGREF1,0.990074052
ATRAID,1.852208199
SNX17,0.334037473
PPM1G,0.365918794
NRBP1,0.401340797
FNDC4,0.452765494
MRPL33,1.336001312
FOSL2,1.617586112
PPP1CB,0.998874705
YWHAH,1.193956065
CTBP1,0.796382635
MAEA,0.319453536
SLBP,1.037894327
GM1673,0.351264701
MXD4,0.337762563
RNF4,0.547441447
MFSD10,0.373950868
NOP14,0.797316288
LRPAP1,1.917357948
CPZ,0.862357524
GRPEL1,1.024093417
D5ERTD579E,0.321729446
BLOC1S4,0.495592312
MRFAP1,4.324666114
MAN2B2,0.345178668
NSG1,0.533898319
LYAR,0.628978673
TMEM128,0.463419765
WDR1,0.478847808
HS3ST1,0.360625934
RAB28,0.615123588
C1QTNF7,0.483685355
FBXL5,0.319757838
LAP3,0.435051449
MED28,0.774944182
DHX15,0.700186699
SOD3,1.12907357
LGI2,0.772559433
PI4K2B,0.370433882
PCDH7,0.569138918
RELL1,0.525659387
PGM1,0.869150531
TBC1D1,0.355726882
KLF3,1.223347756
FAM114A1,0.520221559
RPL9,25.57018829
UGDH,14.91890745
SMIM14,3.88369542
UBE2K,1.684359476
APBB2,0.422314013
TMEM33,0.587629654
SLC30A9,0.316730352
OCIAD1,0.65245898
OCIAD2,0.319030076
SGCB,0.404481985
RASL11B,0.979516465
FIP1L1,0.45020544
CHIC2,2.093890673
PDGFRA,1.732993395
TMEM165,0.764011919
CLOCK,0.341336807
PAICS,0.49380707
SRP72,0.357179447
REST,0.414575733
IGFBP7,47.32990503
YTHDC1,0.987987382
UTP3,0.646080578
MOB1B,0.368834302
SLC4A4,0.998412871
ANKRD17,0.728760475
CXCL5,0.53422392
CXCL1,10.58092881
CXCL2,3.013825095
MTHFD2L,0.424474887
AREG,0.785821876
RCHY1,0.346584488
G3BP2,0.555699274
USO1,0.429362442
SDAD1,0.328264468
CXCL10,5.412334318
SCARB2,0.936919212
SEPT11,1.840345158
CCNI,0.447286677
ANXA3,0.71718617
HNRNPD,0.98197944
HNRNPDL,2.252216471
SEC31A,0.84828308
5430416N02RIK,0.603232695
COPS4,0.625053339
MRPS18C,0.329258996
PTPN13,0.329746961
AFF1,0.518951147
HSD17B11,0.31544007
NUDT9,0.589216192
SPARCL1,0.511953382
SPP1,10.38355805
PKD2,1.37667276
BC005561,0.659229115
ZFP326,0.782542433
ZFP644,0.367223972
EVI5,0.302903179
RPL5,3.538112319
TMED5,1.901080322
ATP5K,1.095831905
FGFRL1,0.302504283
CRLF2,0.558580075
NOC4L,0.355379071
EP400,0.369556978
TTC28,0.553279798
PITPNB,1.174550732
TPST2,0.463616808
ISCU,1.147651175
TMEM119,0.418404999
SSH1,1.219206529
KCTD10,0.66492811
OASL2,1.088024331
MLEC,0.545438679
RNF10,1.437569638
DYNLL1,9.156593532
SRSF9,0.868545169
COX6A1,1.406009005
PXN,0.608662134
RPLP0,31.59951508
RAB35,0.36826112
HSPB8,1.598057662
SUDS3,0.447316832
PEBP1,4.535809893
WSB2,0.72833008
MED13L,1.107206195
TBX3,0.593955213
PLBD2,0.879276745
PTPN11,0.664905284
RPL6,14.9250002
TRAFD1,0.92948062
ERP29,1.635644854
ALDH2,2.730677825
ATXN2,0.348480335
PPP1CC,1.228455841
VPS29,0.959255019
ARPC3,3.187994308
ATP2A2,2.494959157
ANAPC5,1.423888172
PSMD9,0.388116542
CLIP1,0.380767267
RSRC2,1.098259205
DENR,1.722022281
VPS37B,0.44561999
ARL6IP4,0.418660212
CDK2AP1,0.41133645
SBNO1,0.410641896
TMED2,4.001335664
NCOR2,0.742581517
UBC,8.236702366
RAN,4.995863108
MRPS17,0.445723358
PSPH,0.864050334
CHCHD2,13.85000407
TPST1,0.466911807
RABGEF1,0.565457871
TMEM248,0.563825021
SBDS,1.120692965
AUTS2,0.814335908
EIF4H,1.113892208
ELN,0.883459254
BCL7B,0.528643413
POR,0.551045761
MDH2,1.435951909
HSPB1,7.717943042
YWHAG,1.324136065
POLR2J,0.51391003
CUX1,0.635634718
FIS1,1.528656967
PLOD3,0.404680678
SERPINE1,2.600342491
SRRT,0.446866338
TRIP6,0.489363013
GNB2,2.519093338
PCOLCE,14.78200995
COPS6,0.55732895
CNPY4,0.316570779
LAMTOR4,0.646889909
PDGFA,0.71022557
COX19,0.336731458
MAFK,1.766622284
EIF3B,0.670800565
WIPI2,0.723915311
ACTB,28.35857757
FSCN1,0.868226754
KDELR2,2.229377519
RAC1,5.485033933
FAM220A,0.91769628
CYTH3,2.232152737
BRI3,2.449091715
ARPC1A,1.090627735
ARPC1B,5.821300146
PDAP1,0.727711102
BUD31,0.734316925
ATP5J2,3.056656722
ZFP655,0.710927286
RPL21,13.49452503
RASL11A,0.733972356
POLR1D,2.70324874
POMP,2.24423681
SLC7A1,0.570571854
UBL3,0.694864051
HMGB1,4.292211561
MEDAG,1.423970635
HSPH1,2.618007043
N4BP2L2,0.642861466
STARD13,0.411342888
SAMD9L,0.459020096
TFPI2,0.702093595
GNG11,0.757036965
COL1A2,32.97905182
SGCE,0.862176807
PON2,0.458961269
SEM1,4.22242297
TAC1,0.677347981
ASNS,0.709478908
NDUFA4,3.574127363
TMEM106B,0.415877598
FOXP2,0.393192324
MDFIC,0.599174376
CAV1,0.376608552
CAPZA2,1.60822617
LSM8,0.362690777
CPED1,1.900808893
FAM3C,0.471074908
NDUFA5,1.582142016
WASL,0.573890242
ZFP800,0.486119979
GCC1,0.647243636
ARF5,4.438323919
HILPDA,1.051768125
CALU,1.700743864
FLNC,0.758853984
ATP6V1F,2.635262081
SMO,0.326391632
UBE2H,0.915690287
MEST,0.374005229
LNCPINT,0.715415109
MKLN1,0.35834888
CHCHD3,0.502728404
AKR1B3,0.925884078
AKR1B8,0.337294548
BPGM,9.63730819
CALD1,5.811859133
TMEM140,1.406455694
CNOT4,0.588797673
1810058I24RIK,1.030636118
FAM180A,0.612703461
MTPN,0.521557928
PTN,3.686602696
CREB3L2,0.96643374
ZC3HAV1,1.482549656
UBN2,0.39433975
FMC1,0.545033872
LUC7L2,1.365507823
KDM7A,0.548625294
DENND2A,0.352155695
NDUFB2,1.652539938
MRPS33,0.739414627
SSBP1,0.320642684
ZYX,0.703425998
CUL1,1.009256773
PDIA4,0.732833534
RARRES2,6.108740251
TMEM176B,3.605848297
TMEM176A,2.747964981
MALSU1,0.539950285
TRA2A,1.342391156
MPP6,0.679729792
CYCS,2.608320547
HNRNPA2B1,2.939877876
CBX3,1.006893896
HIBADH,0.481590602
TAX1BP1,2.345518322
FKBP14,0.364073142
GARS,1.118477015
INMT,0.38319583
AQP1,2.365975284
LSM5,0.402042314
FKBP9,3.249445427
HERC6,0.346984753
NDNF,0.970032868
GNG12,1.544847779
GADD45A,1.609196504
SERBP1,2.770696814
KRCC1,0.373814873
CHMP3,0.510640205
MRPL35,0.339516502
IMMT,0.350101666
TMEM150A,0.310863069
VAMP8,0.731222371
MAT2A,17.03179227
CAPG,1.092442054
TGOLN1,1.362336177
KCMF1,1.316496024
TMSB10,20.78861974
SUCLG1,0.564882217
POLE4,1.379302924
HK2,4.223919056
MTHFD2,1.340692042
MOB1A,0.331163552
BOLA3,0.751844994
TEX261,0.433202235
CYP26B1,0.951893964
CCT7,1.333867803
DUSP11,1.04629687
SNRPG,1.113547652
PCBP1,2.017799503
SNRNP27,0.413831988
ANXA4,0.3077212
GFPT1,0.46657986
ANTXR1,1.141346688
CNBP,4.586143747
COPG1,0.47211901
RAB7,2.053511889
RPN1,0.622325799
RUVBL1,0.326211984
SEC61A1,0.814718302
PODXL2,0.862676591
FBLN2,0.493502258
LSM3,0.381346049
SLC6A6,6.399668479
CCDC174,0.419769375
MRPS25,0.467938362
ADAMTS9,0.30246884
TMF1,0.442803335
ARL6IP5,6.008534836
FOXP1,1.315775502
RYBP,1.016569679
GXYLT2,0.300316732
PPP4R2,0.951364901
PDZRN3,0.383733298
ITPR1,0.639245257
BHLHE40,3.048286021
ARL8B,0.519541331
LMCD1,2.131637379
GT(ROSA)26SOR,0.419395612
CAMK1,0.744661148
ARPC4,0.394678991
JAGN1,0.331447835
EMC3,0.707854974
BRK1,0.863088369
SEC13,0.582664018
VGLL4,0.466069572
RAF1,0.40134019
RPL32,15.42334781
CXCL12,2.166882704
HNRNPF,3.960335955
CSGALNACT2,0.407636024
ERC1,0.424984524
WNK1,1.138545184
IL17RA,0.452362488
ATP6V1E1,0.843296786
A2M,1.684542817
MFAP5,4.502335696
PEX5,0.677632082
C1RA,0.993862569
C1S1,1.524847906
C1RB,0.681623814
C1S2,0.54391897
EMG1,0.768422381
PHB2,0.695581746
TPI1,1.744715915
P3H3,2.268012303
PTMS,6.04745351
MLF2,0.703664411
COPS7A,0.444933771
PIANP,0.40865216
CHD4,0.731371668
GAPDH,9.482324538
MRPL51,0.532079563
LTBR,0.304160246
TNFRSF1A,2.426670467
CD9,12.22177937
CCND2,1.586975343
TSPAN11,0.385684333
FKBP4,0.681321066
CLEC2D,1.81002824
GABARAPL1,0.688595778
YBX3,3.4235465
SMIM10L1,1.068407006
ETV6,0.421117475
LRP6,1.362634198
GPRC5A,2.356600805
HEBP1,1.640171317
EMP1,14.48056205
H2AFJ,1.115584741
WBP11,0.47438188
MGP,67.81938
ARHGDIB,1.079723093
RERG,0.563004702
STRAP,1.589270647
MGST1,1.166180597
AEBP2,0.332784015
PDE3A,0.427101463
GOLT1B,0.791274198
LDHB,0.843051408
ETNK1,1.22000274
BCAT1,0.354582218
KRAS,1.456924681
BHLHE41,0.645237352
INTS13,0.35130873
FGFR1OP2,0.519762014
TM7SF3,0.497380129
MED21,0.516463589
PPFIBP1,0.869600128
PTHLH,0.340957758
ERGIC2,0.851489115
TMTC1,0.462878384
DENND5B,0.628327322
MYADM,0.446748478
NDUFA3,0.390012804
TSEN34,0.797314491
RPS9,17.48768527
CDC42EP5,0.374286788
COX6B2,0.681080803
IL11,2.776183797
RPL28,13.60445407
UBE2S,4.430339542
U2AF2,0.417824745
PEG3,0.638749055
ZFP954,0.475422554
CLCN4,0.650970451
RPS5,15.97686993
TRIM28,0.386061019
CHMP2A,1.358607464
UBE2M,1.056316596
SELENOW,6.8714397
NOP53,0.732012608
EHD2,0.411862674
NAPA,1.112907879
SAE1,0.340282255
TMEM160,0.807488989
AP2S1,0.385696173
SLC1A5,0.853354222
DACT3,0.358545053
PTGIR,0.821591966
CALM3,1.264257984
SNRPD2,1.735723603
FOSB,10.871013
ERCC1,0.818607958
TRAPPC6A,0.375164414
GEMIN7,0.429221496
RELB,0.418500501
CLPTM1,0.39358865
APOE,51.57470894
TOMM40,0.458256129
BCL3,0.447049713
PVR,0.533519375
PLAUR,3.888835715
GM9844,0.418208196
RPS19,20.6413293
RABAC1,4.425495198
GSK3A,0.42514827
TGFB1,2.324705118
AXL,0.929146091
CYP2F2,1.18664276
EGLN2,0.40059058
SNRPA,0.402618156
ITPKC,0.633930675
NUMBL,0.421332524
LTBP4,3.302476129
BLVRB,0.770082937
SERTAD1,1.026630124
PLD3,0.634151542
AKT2,0.998691406
PSMC4,0.97245972
FBL,0.860411429
EID2,0.346820881
RPS16,23.08470861
PLEKHG2,0.325978277
ZFP36,1.115733415
MED29,0.51555669
SAMD4B,0.892930233
NFKBIB,0.476607748
SIRT2,0.552364403
HNRNPL,0.545166872
ECH1,0.451446698
ACTN4,1.341228992
EIF3K,2.141311165
PSMD8,1.376715544
YIF1B,0.742733778
CAPNS1,2.144294699
TBCB,0.78313665
PSENEN,1.008672389
COX6B1,2.677493006
RBM42,0.520302856
TMEM147,0.639369372
FXYD5,1.312778368
FXYD1,2.514819904
SCN1B,0.453368593
WTIP,0.76175582
UBA2,0.523069046
GPI1,1.260502813
4931406P16RIK,0.402367929
LSM14A,0.401095559
CEBPG,1.173021341
CEBPA,0.620012849
PDCD5,1.1760667
PLEKHF1,0.580042373
POP4,0.48608145
ETFB,0.894705016
CLEC11A,2.515743014
EMC10,1.448758222
ATF5,1.464457267
NUP62,0.452639739
PTOV1,1.653092547
PRMT1,0.907875585
RRAS,1.182310416
RCN3,3.0407468
FCGRT,3.302266825
RPS11,16.62124506
RPL13A,0.631139223
SNRNP70,0.920179679
FTL1,37.11919515
BAX,0.728568776
NUCB1,0.86934453
PPP1R15A,3.510885989
PLEKHA4,0.30072024
DBP,0.364762358
RPL18,15.51202362
CYTH2,0.772115428
KDELR1,1.256863373
EMP3,7.878822423
SAA3,0.927790668
LDHA,6.069551904
TSG101,0.520673743
SPTY2D1,0.431054618
CYFIP1,0.320628887
NIPA2,0.554435324
HERC2,0.354446188
UBE3A,0.71749582
NDN,0.821727406
KLF13,0.731284402
MTMR10,0.3544477
MPHOSPH10,0.87979497
MCEE,0.421372599
NSMCE3,0.658101543
SNRPA1,0.949178751
SELENOS,1.966877612
MEF2A,1.15284029
IGF1R,0.886842715
NR2F2,0.484113478
CHD2,0.479089845
AKAP13,2.125089174
NTRK3,0.455784136
AEN,0.501550615
ISG20,0.98293028
MFGE8,0.889337281
ANPEP,0.312315383
IDH2,0.458022588
FURIN,0.519807557
IQGAP1,1.106362586
SEC11A,1.439417582
RPS17,3.609929401
FAM103A1,0.338562308
BTBD1,0.634766031
HDGFL3,0.454450365
ADAMTSL3,0.549600983
MESD,0.547394004
ZFAND6,0.527200876
CTSC,4.201676782
FZD4,0.483457692
PRSS23,3.140834559
HIKESHI,0.497589797
PICALM,1.228377519
TMEM126A,0.45854316
PCF11,0.455370877
NDUFC2,1.332907617
AAMDC,0.409956775
ACER3,0.44958527
LRRC32,0.364363483
THAP12,0.677671696
WNT11,1.099703501
UVRAG,0.509483741
SERPINH1,5.757333589
RPS3,16.27321463
SPCS2,1.422386771
PPME1,0.949238932
UCP2,0.588072072
MRPL48,0.64796749
RAB6A,1.293338495
LAMTOR1,0.420617282
NUP98,1.01324055
STIM1,0.397539311
HBB-BT,0.309279016
HBB-BS,2.57481016
CAVIN3,3.573655434
SMPD1,0.414382656
TIMM10B,0.341625724
ILK,0.390295577
TAF10,0.719454515
MRPL17,0.76434507
EIF3F,2.067664544
LMO1,0.402378254
RPL27A,21.34273623
ST5,0.316129985
TMEM9B,0.342537328
DENND5A,0.420517666
TMEM41B,0.366444483
IPO7,0.744490316
SWAP70,0.396443248
EIF4G2,6.068566991
USP47,0.403440019
DKK3,0.441769199
MICAL2,0.379583574
PARVA,1.060265182
TEAD1,1.320521243
BTBD10,0.314902748
FAR1,0.58368058
RRAS2,0.490385407
COPB1,1.023810872
PSMA1,1.065394707
1110004F10RIK,0.74313789
RPS13,16.21088206
NUCB2,0.960787074
RPS15A,16.30168041
ARL6IP1,1.239735649
SMG1,0.500112317
COQ7,0.31920349
GDE1,0.710468556
KNOP1,0.326206322
THUMPD1,0.301299255
TMEM159,0.439015829
CRYM,0.386054175
UQCRC2,0.748634854
MOSMO,0.366947245
CDR2,0.521337141
METTL9,1.072044891
NDUFAB1,1.4160476
RBBP6,1.315381146
ARHGAP17,0.319266987
NSMCE1,0.356309851
IL4RA,0.44002828
ATXN2L,0.575467307
EIF3C,2.501496
NUPR1,10.86986524
BOLA2,0.592195817
MAPK3,0.590119102
YPEL3,0.733145744
ALDOA,5.042893567
TMEM219,0.33397516
ZFP771,0.324564329
BCL7C,1.018720491
STX4A,0.431475719
VKORC1,2.111416066
FUS,1.851650437
TGFB1I1,0.374987252
RGS10,0.340712678
TIAL1,0.377333102
BAG3,2.410959725
FGFR2,1.287073306
NSMCE4A,0.609935158
HTRA1,4.45045338
ACADSB,0.404164597
BUB3,0.59650013
CPXM2,1.852736825
OAT,4.733359539
ZRANB1,0.484552661
BCCIP,0.583646732
GLRX3,1.096380006
PPP2R2D,0.575900976
FUOM,0.306293621
BET1L,0.460876935
PSMD13,0.656638413
IFITM2,15.08603828
IFITM1,1.676836218
IFITM3,28.09182586
RNH1,3.447555768
HRAS,0.847793774
IRF7,0.807989988
TALDO1,1.151672667
RPLP2,8.597401903
CD151,0.321527836
POLR2L,0.872340164
TSPAN4,1.864075129
TOLLIP,0.471870149
CTSD,2.576303106
LSP1,0.623303409
MRPL23,0.941420732
CD81,7.450694865
KCNQ1OT1,1.824148545
CDKN1C,4.305702544
NAP1L4,0.541640567
CARS,0.495663254
CTTN,0.433282695
AKAP12,3.424107988
PCMT1,0.833008937
LATS1,0.409217846
GINM1,1.336386265
PPIL4,0.451255372
TAB2,0.306471257
SASH1,0.362327065
SAMD5,0.338108299
FBXO30,0.554555221
UTRN,0.35473928
STX11,1.970307323
SF3B5,1.034366569
PLAGL1,1.908762244
LTV1,0.371164748
PHACTR2,0.422642844
AIG1,1.072468586
HIVEP2,1.32336572
CITED2,1.5168284
HECA,0.372127398
ABRACL,2.492558641
PERP,1.139493261
IFNGR1,0.400007398
BCLAF1,0.716269786
HBS1L,0.311582455
SGK1,5.930957086
TBPL1,0.345723364
RPS12,11.16697017
STX7,0.405034745
CTGF,13.88063442
ENPP1,0.385268783
EPB41L2,1.010397801
LAMA2,0.926546913
PTPRK,0.846199001
RNF217,0.710185561
RWDD1,1.128259796
DSE,0.333333182
COL10A1,0.380103111
AMD2,0.304641041
HDAC2,0.370494677
MARCKS,1.333582577
LAMA4,0.586515412
AMD1,0.505666848
CD164,0.87011078
SNX3,2.188998113
SEC63,0.706743684
SOBP,0.356070955
CD24A,0.885532651
ASCC3,0.659022576
ASF1A,0.342229234
MAN1A,0.452543092
GJA1,1.524124327
SERINC1,1.518338631
SMPDL3A,1.117092977
LIMS1,0.57599519
RANBP2,0.948003507
SOWAHC,0.556932784
P4HA1,0.877808165
DDIT4,1.017745242
ANAPC16,0.562839417
PSAP,3.342434924
SGPL1,0.430708243
PPA1,2.771632957
SAR1A,3.144999355
HK1,0.634191065
VPS26A,0.402989662
SRGN,0.726127218
DDX21,1.072701381
DDX50,1.21671705
CCAR1,0.524888314
HNRNPH3,0.661177272
SIRT1,0.312134156
REEP3,1.22471373
JMJD1C,1.943024331
ARID5B,2.694268203
BICC1,1.039096693
TFAM,0.420604275
CISD1,0.46745905
ZWINT,1.098898868
SNRPD3,1.156513277
DDT,0.490892665
GSTT1,0.563402567
MIF,1.716128664
S100B,0.427191027
COL6A2,1.802129929
COL6A1,4.030525506
POFUT2,1.252599889
ADARB1,0.479980481
PTTG1IP,4.753380795
SUMO3,0.588647855
UBE2G2,0.397054738
AGPAT3,0.484017585
RRP1,0.828777058
CSTB,9.814261858
CDC34,0.320050796
BSG,9.743047708
FSTL3,0.355198501
PTBP1,2.238246061
R3HDM4,0.379664243
WDR18,0.319098267
TMEM259,0.343760771
CNN2,0.508463495
POLR2E,0.391707286
GPX4,8.603632627
SBNO2,0.848402085
STK11,0.316533884
ATP5D,2.708158811
MIDN,0.621822362
CIRBP,0.820392526
NDUFS7,0.868759111
DAZAP1,0.719958291
RPS15,2.890705566
MBD3,0.577555944
UQCR11,1.50582497
ABHD17A,0.310855705
CSNK1G2,0.437602272
MKNK2,0.446247527
DOT1L,0.738270563
OAZ1,14.77936995
LSM7,0.761431302
TIMM13,1.185503231
GADD45B,6.475202713
SGTA,0.42471876
MAP2K2,1.113889973
ZBTB7A,0.344400292
EEF2,3.305229456
MRPL54,0.840968544
HMG20B,0.429067085
DOHH,0.417008817
NFIC,0.616977319
GNA11,0.759742417
AES,2.312211288
TXNRD1,3.414268271
D10WSU102E,0.556030326
CKAP4,2.061599122
TCP11L2,0.70748955
TMEM263,0.42236763
CRY1,0.373622554
RTCB,0.358774971
SYN3,0.347613479
TIMP3,22.19443435
HSP90B1,5.293498341
IGF1,0.538502662
CHPT1,0.718964112
ARL1,2.819899904
GAS2L3,0.376993477
IKBIP,0.932138906
SLC25A3,9.787182998
RMST,0.307721134
SNRPF,1.453082103
NTN4,0.360982404
METAP2,1.215003948
NDUFA12,1.296002602
TMCC3,0.594310502
SOCS2,0.779586635
MRPL42,0.478184667
UBE2N,1.856991202
NUDT4,0.905180542
EEA1,0.992944137
BTG1,7.531741763
DCN,176.953691
LUM,24.69828531
ATP2B1,0.80887623
KITL,3.775974805
CCDC59,0.752417467
PPP1R12A,0.526685984
CSRP2,3.536043935
NAP1L1,1.544622256
PHLDA1,8.082728502
ATXN7L3B,1.502246845
TBC1D15,0.470209723
RAB21,2.125345113
THAP2,0.558203943
ZFC3H1,0.328318868
CCT2,1.375347614
YEATS4,0.405943113
CPSF6,0.373906045
MDM2,0.615872197
RAP1B,3.626720566
CAND1,0.399072804
TMBIM4,0.972458741
LLPH,1.143842945
MSRB3,0.340554621
WIF1,0.567202576
GNS,0.628173515
XPOT,0.391039347
TMEM5,0.634420069
MON2,0.334805391
LRIG3,0.45967502
CTDSP2,0.379307503
CDK4,0.833928257
TSPAN31,0.976165971
OS9,0.518516178
ARHGEF25,0.344791162
DTX3,0.609288035
DCTN2,0.54499108
DDIT3,0.542496195
R3HDM2,0.528699899
LRP1,4.149656553
NACA,7.774849431
PTGES3,2.710522548
ATP5B,2.935315601
RBMS2,0.35186118
STAT2,0.502920079
CNPY2,1.625214759
NABP2,0.310365586
MYL6,12.62489726
RPL41,31.07277138
PA2G4,1.036796566
RPS26,6.519642496
PMEL,0.323040678
MMP19,0.326429719
SARNP,0.83570806
CD63,15.30751944
ELAVL1,0.950267141
ARGLU1,0.626542526
IRS2,0.69102935
COL4A1,1.353272464
COL4A2,0.738258267
RAB20,1.036290444
NAXD,0.892851447
ING1,0.319572531
LAMP1,4.51539122
TFDP1,0.339912765
GAS6,7.480938471
UPF3A,0.351194501
VPS36,0.323935022
SMIM19,0.36802784
VDAC3,1.214002341
PLAT,5.229673823
GOLGA7,0.680502245
SFRP1,1.070972324
TCIM,0.376875745
ADAM9,0.37956856
TM2D2,2.979731085
TACC1,0.685147191
FGFR1,4.214605735
NSD3,1.617330106
LSM1,0.591872481
FNTA,0.571867069
HOOK3,0.620455603
ZFP703,1.084251999
PLPBP,0.690938678
EIF4EBP1,1.944237481
MAK16,0.629218354
PPP2CB,0.472228221
GSR,0.307244821
RBPMS,1.050365658
DCTN6,0.6992084
LEPROTL1,0.518203649
SARAF,2.254485395
TUSC3,0.988253744
CNOT7,0.526670891
VPS37A,0.374990209
PDGFRL,4.30094573
PCM1,0.359994197
ASAH1,0.760324993
FAT1,0.439766649
SLC25A4,7.287712743
IRF2,0.318341168
WWC2,0.64490578
TENM3,1.104739376
AGA,0.587568732
VEGFC,0.334324631
SAP30,0.372756928
HMGB2,0.621393445
HPF1,0.457429515
PALLD,1.136436016
CPE,1.371979409
MSMO1,0.576146821
NAF1,0.344615243
CILP2,0.878609462
NDUFA13,3.302391113
GATAD2A,0.392915143
COPE,1.331836254
COMP,1.61503464
CRLF1,0.39373419
REX1BD,0.97601473
UBA52,0.876712483
FKBP8,0.947911149
ISYNA1,0.317617604
SSBP4,0.324639909
LSM4,0.654909934
JUND,21.56078786
CCDC124,0.402750549
RPL18A,16.64331794
USE1,0.554866896
NR2F6,0.322769623
DDA1,0.536592393
BST2,1.485017076
MVB12A,0.303374334
PGLS,0.892702803
COLGALT1,0.459519822
TPM4,2.390722288
FAM32A,0.620894821
KLF2,2.485243421
SMIM7,0.931865884
SIN3B,1.38604639
HMOX1,15.11430214
EDNRA,0.41866841
RBMXL1,0.529394763
LSM6,0.558462727
ABCE1,0.472035545
SMARCA5,1.923637335
ZFP330,0.62772209
SCOC,0.759436666
NDUFB7,0.914527028
TECR,1.690177825
DNAJB1,2.614109392
ADGRE5,0.316510149
ADGRL1,0.311688048
GM26532,0.455120929
D8ERTD738E,2.055612668
IER2,3.267536323
NFIX,3.159606582
GADD45GIP1,0.333895429
RAD23A,0.497865241
CALR,4.412079289
PRDX2,3.016326489
JUNB,11.21690562
ASNA1,0.367584273
TRIR,1.695661247
DHPS,0.647801173
WDR83OS,0.90215564
MAN2B1,0.370327101
VPS35,0.559264217
4921524J17RIK,0.815929988
GPT2,0.406903733
DNAJA2,3.509013477
ITFG1,0.404638302
N4BP1,0.350063946
CHD9,0.445810567
MMP2,1.655894309
AMFR,0.54710355
NUDT21,0.447090763
MT2,18.84482314
MT1,58.92862752
HERPUD1,6.960973422
ARL2BP,0.646687749
CX3CL1,0.485122813
POLR2C,0.774473696
CFAP20,0.691987132
CSNK2A2,0.54758795
GOT2,0.349101145
CDH11,1.975546866
CMTM3,0.452329182
FAM96B,0.603768169
CBFB,0.748922511
B3GNT9,0.346526916
TMEM208,0.992724448
TPPP3,0.317989958
ATP6V0D1,0.638637586
PSMB10,0.329937319
SLC12A4,0.335232202
GM10073,1.296050509
SNTB2,4.170425695
NIP7,1.230116467
NFAT5,1.179109709
WWP2,0.564017537
PSMD7,2.210278515
ZFHX3,0.735607264
IST1,0.540794308
SF3B3,0.742609176
AARS,0.648996626
GLG1,0.948762483
ZNRF1,0.47367369
CFDP1,1.084870832
GABARAPL2,3.722787431
MAF,0.478844599
GCSH,0.629061686
CMIP,0.541888439
HSBP1,1.997861697
MBTPS1,0.515788993
WFDC1,0.864681396
COTL1,0.311265884
CRISPLD2,2.928376754
EMC8,0.443940494
COX4I1,4.441407505
FOXC2,0.752171654
MAP1LC3B,8.07243372
ZCCHC14,0.363886734
SLC7A5,1.021380459
CYBA,2.659627754
PIEZO1,0.506171992
APRT,2.205554175
TRAPPC2L,0.828889231
ANKRD11,1.29454863
RPL13,39.90835015
DPEP1,0.750944514
TCF25,1.189475473
2310022B05RIK,0.326075863
EGLN1,0.397618543
TSNAX,0.307556263
SIPA1L2,0.53256663
IRF2BP2,0.997150252
TOMM20,3.657163173
NRP1,1.492988149
ITGB1,3.269022141
PDHB,0.448257412
THOC7,1.002896735
ATXN7,0.369144984
PSMD6,0.6712369
SLC4A7,0.391351642
TOP2B,0.561812083
NR1D2,0.574153914
RPL15,16.35593157
UBE2E1,0.805510328
UBE2E2,0.360248979
NID2,0.303693182
RTRAF,0.876389444
MRPS16,0.562935173
ANXA7,1.096340839
PPP3CB,0.314582787
CHCHD1,0.984074816
ZSWIM8,0.307804141
VCL,0.885380941
ADK,0.993300035
VDAC2,2.016667488
ZFP503,0.94108289
RPS24,32.22430203
ZMIZ1,0.691604344
ZCCHC24,0.336348482
ANXA11,0.430612526
ARF4,10.15685614
PDE12,0.533822841
APPL1,0.800510247
WNT5A,0.672163425
SELENOK,7.590590719
TKT,0.958402482
MUSTN1,0.99686492
SPCS1,2.805197948
GLT8D1,0.407930133
GNL3,1.872388651
PBRM1,0.620127508
NISCH,0.530482774
METTL6,0.372899606
EAF1,0.52023356
BTD,0.338399272
ANKRD28,0.78367602
DPH3,1.203403306
GDF10,1.129925277
GLUD1,1.911237295
BMPR1A,0.608668013
WAPL,0.763294513
CCSER2,0.483641765
GHITM,1.045183999
AC160336.1,2.100476913
ERO1L,0.418404307
PSMC6,1.412353294
FERMT2,2.405605098
CNIH1,0.801674268
GMFB,0.320567403
CGRRF1,0.4749189
SAMD4,0.59584465
GCH1,3.266625426
MAPK1IP1L,0.460892549
LGALS3,1.091684406
KTN1,0.581290327
EXOC5,0.516332039
OSGEP,0.494622924
PNP,9.370505488
RNASE4,2.18121525
HNRNPC,1.405331417
SUPT16,0.420898406
TOX4,0.474647814
DAD1,5.136807054
MRPL52,1.201028407
MMP14,0.806390923
LRP10,0.431126443
PSMB5,1.462447284
ACIN1,0.421258546
1700123O20RIK,0.430330605
NGDN,0.318168208
DHRS4,0.338015943
PSME1,1.035568161
PSME2,1.181242697
IRF9,0.830512339
NEDD8,2.557095347
MPHOSPH8,0.329704091
PSPC1,0.339729657
ZMYM5,0.31181
SAP18,2.139443718
MRPL57,0.413753335
ZDHHC20,0.598304386
PHF11D,0.339832418
SHISA2,0.369108012
EBPL,0.3520858
CTSB,3.912768152
CCDC25,0.488794281
SCARA3,0.530204333
CLU,13.5495128
TRIM35,1.461562179
DPYSL2,0.504016136
BNIP3L,0.840130154
PPP2R2A,0.865380003
LOXL2,0.413715635
EGR3,0.475375366
PDLIM2,1.08098776
SLC39A14,0.436120955
POLR3D,0.395548137
BMP1,0.557123213
GFRA2,0.351122383
FNDC3A,1.112240647
ITM2B,25.98613969
MED4,0.402842466
SUCLA2,0.390038479
ESD,1.850899352
TPT1,67.89452128
NUFIP1,0.303744152
TSC22D1,11.60916936
DNAJC15,0.319508309
AKAP11,0.370087208
DGKH,0.496186424
RGCC,5.816394926
WBP4,0.547477578
ELF1,2.232933362
SUGT1,0.517435249
MZT1,0.310734172
KLF5,0.792044212
COMMD6,0.463594215
UCHL3,0.73650133
KCTD12,0.658612296
FBXL3,0.368163146
MYCBP2,0.792826321
RBM26,0.357909873
NDFIP2,1.185538536
GM10076,3.560183341
SPRY2,1.118133753
TPM3-RS7,2.317524025
GPC6,1.615871505
DCT,0.31860727
CLDN10,1.128683565
DNAJC3,2.416320015
MBNL2,1.376284111
RAP2A,0.582777383
IPO5,0.79058236
STK24,0.325690558
TM9SF2,0.757360622
ITGBL1,6.062703522
DCUN1D5,1.587288636
MMP12,0.707844807
MMP3,7.991144971
TMEM123,0.361118403
BIRC2,0.342175509
BIRC3,0.490189542
YAP1,1.210949195
SESN3,0.413753874
ENDOD1,0.34158568
CWC15,1.348252162
AMOTL1,0.305700617
TAF1D,1.092289505
SMCO4,0.469173821
NAALAD2,0.326343877
UBL5,2.575997263
PIN1,0.565982825
OLFM2,0.429897903
PPAN,0.623344257
EIF3G,0.657098957
MRPL4,0.55247593
ICAM1,6.58601042
CDC37,0.894817252
TMED1,0.628787332
LDLR,0.307285695
TMEM205,0.318636795
PRKCSH,0.512197747
ELOF1,0.467262277
RP9,0.335232282
HERPUD2,0.428227739
SEPT7,2.98800922
JAM3,0.567470549
APLP2,2.106805979
ETS1,0.795568328
ST3GAL4,0.511009654
SRPR,1.942452755
STT3A,0.806306815
TBRG1,1.325822676
CLMP,1.287123016
HSPA8,20.10498555
UBASH3B,0.38465716
CT025619.1,0.409460678
SC5D,0.409724445
ARHGEF12,0.839062506
OAF,5.861774804
H2AFX,0.48317071
TRAPPC4,0.497172878
RPS25,4.79911308
DDX6,0.794072486
PHLDB1,0.724016543
ARCN1,0.868943196
KMT2A,0.412792315
ATP5L,4.198618026
FXYD6,1.112577468
TAGLN,3.913684289
SIDT2,0.379489536
PAFAH1B2,0.642878172
SIK3,0.432982524
REXO2,1.811649821
RBM7,1.061230153
NNMT,0.665014362
NCAM1,1.07265478
RPL10-PS3,0.379714211
SDHD,0.487347021
TIMM8B,0.715219034
CRYAB,24.94262804
FDX1,2.628851511
RDX,1.497357988
ACAT1,0.744887528
CUL5,0.409808806
IDH3A,0.353710627
WDR61,0.420260855
PSMA4,1.133934167
UBE2Q2,0.38341346
ETFA,0.514013842
RCN2,1.828808811
TSPAN3,3.897993406
PEAK1,0.789355165
CSPG4,0.564201542
IMP3,0.687940613
COX5A,2.873216201
CLK3,0.536321853
ISLR,4.033696334
LOXL1,2.369824312
NPTN,2.223148908
NEO1,0.605614344
ARIH1,1.42308214
HEXA,2.346453974
PKM,3.589131322
UACA,0.793408133
TLE3,0.361953594
RPLP1,26.69539928
ANP32A,0.77075852
FEM1B,1.021835781
CALML4,0.806048428
SMAD3,0.465814199
RPL4,4.471764704
MAP2K1,1.065214143
RAB11A,0.600500868
DENND4A,0.351867067
SPG21,0.315653574
OAZ2,0.643163512
PPIB,8.669955147
HERC1,0.350994032
RAB8B,0.693560694
RPS27L,2.842766831
TPM1,5.247259995
TLN2,0.438990951
RORA,2.636309485
ANXA2,12.78809182
BNIP2,1.009052
GTF2A2,1.088217555
MYO1E,0.671753366
SLTM,0.811690363
MINDY2,0.32343077
ALDH1A2,0.727717761
POLR2M,1.614662026
CGNL1,0.424232419
TCF12,0.486810555
NEDD4,5.392672242
RSL24D1,0.448080038
ARPP19,1.398003385
MAPK6,0.627562028
TMOD3,0.677212936
LYSMD2,0.474132402
GCLC,0.397971905
FBXO9,0.314652342
GSTA4,2.026294534
EEF1A1,37.36596334
CD109,0.963905914
COL12A1,7.31397657
COX7A2,3.516401375
TMEM30A,0.975557
SENP6,1.06636844
MYO6,0.693435804
IRAK1BP1,0.346588707
PHIP,0.401768731
HMGN3,0.779731752
FAM46A,1.548530447
TPBG,3.155824066
ME1,0.504032689
SYNCRIP,1.045576551
TMED3,2.472437088
CTSH,4.303530076
MORF4L1,4.60999006
PLSCR1,0.798252902
PLOD2,0.490602966
1190002N15RIK,0.34460067
CHST2,0.728167405
U2SURP,0.68050763
PCOLCE2,0.610982632
ATP1B3,2.218294667
RNF7,1.368683361
RASA2,0.629444701
CLSTN2,0.313342435
RBP1,9.378683031
COPB2,1.192270704
MRAS,0.678235555
STAG1,0.341860916
MSL2,0.325782817
ANAPC13,0.5849247
AMOTL2,0.537745919
RYK,0.861698831
SRPRB,0.305406978
TRF,0.381367113
CDV3,2.379297133
UBA5,0.68279045
ALAS1,0.431926267
RPL29,1.129271204
ABHD14A,0.410270266
TEX264,0.782800032
MANF,3.224523745
TMEM115,0.431830968
RASSF1,2.198975466
GNAI2,3.544698642
DAG1,0.5147042
RHOA,4.795668686
GPX1,4.386353254
LAMB2,1.780558115
IMPDH2,2.079261622
ARIH2,0.888294895
PRKAR2A,0.369490983
UQCRC1,0.549801676
SHISA5,1.322779949
TMA7,2.10172898
CAMP,0.355306734
MAP4,0.795137947
SETD2,0.359362967
NRADD,0.406404631
CCDC12,0.686132433
PDCD6IP,0.69050302
CLASP2,0.480560742
CRTAP,0.882493661
DYNC1LI1,0.301198841
CMTM6,0.577950971
RPS27RT,0.626538122
STT3B,0.540295611
TGFBR2,1.164736745
RBMS3,0.595969129
AZI2,0.400003023
CTDSPL,0.30282852
MYD88,0.932568229
ACAA1A,0.450581966
CSRNP1,1.253279778
RPSA,22.99736306
EIF1B,1.991739555
RPL14,8.560240564
CTNNB1,2.6974795
SS18L2,0.31053149
NKTR,1.05160537
HIGD1A,1.797012488
ABHD5,1.374072249
CLEC3B,0.340519729
TMEM158,0.666495331
LARS2,0.466628889
LIMD1,0.48812848
LZTFL1,0.427482011
SELENOM,6.521070339
SMTN,0.355296183
SLC35E4,0.822560395
TCN2,0.708442481
TBC1D10A,0.394560557
LIF,1.942197144
UQCR10,1.738313336
EWSR1,1.038455115
XBP1,1.890769469
MRPS24,0.812353312
AEBP1,3.347587042
NUDCD3,0.313511485
TMED4,0.550772234
OGDH,0.306773376
PPIA,22.13891288
H2AFV,1.560843646
PURB,1.60795749
IGFBP3,0.638874432
TNS3,0.329565757
UPP1,0.425671558
GRB10,0.62596401
SEC61G,6.895937445
EGFR,0.662045553
PPP3R1,0.400044046
PNO1,0.359429921
C1D,0.645327497
ACTR2,0.550747261
RAB1A,1.294440212
SERTAD2,0.87957646
LGALSL,0.359118421
PELI1,0.881048944
UGP2,0.549763254
MDH1,1.617989603
COMMD1,0.791036045
CCT4,1.385516703
USP34,0.827337156
REL,0.337567508
EFEMP1,0.671150936
CFAP36,0.462676537
CCDC88A,0.440986507
RPS27A,26.910808
RTN4,6.208351927
SPTBN1,6.434938709
ACYP2,0.493743791
PSME4,0.443704764
ERLEC1,0.878530886
BOD1,0.916388871
CPEB4,0.577082278
HBA-A1,0.987429709
SH3PXD2B,0.384960354
UBTD2,0.31268258
FGF18,1.342113518
NPM1,9.894705919
SLIT3,0.985951624
RARS,0.545412377
PTTG1,0.386280234
C1QTNF2,0.894504077
EBF1,0.723567999
CLINT1,1.110922951
MED7,0.64378722
RACK1,5.472767097
IRGM1,3.09123998
IFI47,0.748931516
MGAT1,0.388985157
CNOT6,0.41447489
GFPT2,4.14675712
RNF130,0.826452978
SQSTM1,3.681791362
CANX,1.417813319
HNRNPH1,3.100245809
ADAMTS2,0.960507302
CLK4,0.567966588
HNRNPAB,2.332308724
NHP2,1.086150615
RMND5B,0.595893049
SEC24A,0.328314732
SAR1B,0.841041918
UBE2B,2.182786424
PPP2CA,3.618818318
SKP1A,1.686492665
VDAC1,0.900883983
9530068E07RIK,1.163684745
HSPA4,1.901859141
AFF4,2.064811965
UQCRQ,3.629446008
IRF1,0.488517703
PDLIM4,0.7505754
FNIP1,0.638390188
RAPGEF6,0.608213349
HINT1,4.196705572
GPX3,0.650701024
ANXA6,0.427658441
GM2A,0.919040742
SPARC,50.08839876
ATOX1,1.73947618
G3BP1,1.641684788
SAP30L,0.461827214
LARP1,0.382141428
IGTP,0.996244022
IRGM2,0.370344865
RNF187,0.767828007
GUK1,0.623738364
ARF1,4.088887559
MPRIP,1.500190366
COPS3,0.366449678
RASD1,0.483700757
ALKBH5,0.930630943
TMEM11,1.038065943
MAP2K3,2.841599566
ALDH3A1,1.51210779
MFAP4,12.53413358
TTC19,1.300955947
NCOR1,0.592211834
UBB,54.20514089
TVP23B,0.710544393
PMP22,2.946619289
HS3ST3B1,0.337337345
HS3ST3A1,0.314045415
MAP2K4,0.356485813
STX8,0.459759926
NTN1,0.860666206
MYH10,0.353041294
NDEL1,1.190130195
RPL26,8.313966657
VAMP2,0.496389297
CHD3,0.494738379
NAA38,0.424650997
KDM6B,2.01689542
TRP53,0.485201348
EIF4A1,8.136002723
TNFSF12,0.86490907
POLR2A,0.629650862
TMEM256,1.166205149
KCTD11,0.503093469
EIF5A,17.36611409
ELP5,0.497644266
CTDNEP1,0.45042071
GABARAP,9.659309552
ACADVL,0.413027423
CXCL16,1.263780211
PSMB6,2.556339373
SLC25A11,0.349502088
PFN1,4.489324446
RABEP1,0.429115992
C1QBP,1.386063282
6330403K07RIK,0.853902393
TXNDC17,1.851315383
MED31,0.541309058
XAF1,0.741311345
MYBBP1A,0.365692204
EMC6,1.024270803
TAX1BP3,0.330997683
PAFAH1B1,3.264040954
TSR1,0.325060811
SERPINF1,43.37273478
PRPF8,0.395268351
PITPNA,1.359781446
MYO1C,0.341646254
CRK,0.628258328
YWHAE,2.959955288
TIMM22,0.334668639
CPD,0.385528808
BLMH,0.353099715
TRP53I13,0.629135226
TAOK1,0.435379571
NUFIP2,0.909434626
RPL23A,2.023229745
RAB34,1.056823882
SUPT6,0.458351216
SDF2,1.198157907
2610507B11RIK,0.343216855
IFT20,1.509481373
LGALS9,0.430457276
WSB1,1.232961037
ZFP207,0.48480868
PSMD11,1.400206514
MYO1D,0.670535036
TMEM98,0.366845268
CCL2,18.96815264
CCL7,6.783395711
CCL11,3.126989245
ZFP830,0.343237789
SLFN5,0.386611448
SLFN8,0.427657028
TAF15,1.030098322
DUSP14,0.426000824
GGNBP2,0.666058093
ZNHIT3,0.35248954
APPBP2,0.422349097
MED13,1.028964162
RNFT1,0.403148487
RPS6KB1,0.511576881
VMP1,2.76232632
CLTC,2.379041918
DHX40,0.314820386
YPEL2,0.466520616
SUPT4A,0.489446253
DYNLL2,1.038852498
SRSF1,0.478648108
VEZF1,0.58948226
MSI2,0.688688478
SCPEP1,0.802040118
TRIM25,0.806913245
NOG,0.63254079
TMEM100,0.577025012
HLF,0.367354298
UTP18,0.321740165
NME1,1.926626921
SPAG9,1.862785091
TOB1,1.055305803
LUC7L3,0.498323803
CHAD,3.579065292
LRRC59,1.041948684
MRPL27,0.426266811
COL1A1,35.87488703
SLC35B1,0.481555049
SPOP,0.749730633
PHB,0.338903029
SNF8,0.448710583
UBE2Z,0.357763941
ATP5G1,3.685960463
CBX1,0.549406786
NFE2L1,1.091522829
COPZ2,1.169194257
CDK5RAP3,0.303663142
KPNB1,0.448393768
PSMB3,1.805239666
RPL23,22.11519164
RPL19,25.04452887
CDK12,0.626427416
MIEN1,0.566778182
ORMDL3,0.487146229
PSMD3,0.652102177
CSF3,13.25178368
MED24,0.779591623
THRA,1.276712329
NR1D1,0.956893713
IGFBP4,29.38433255
SMARCE1,0.841624622
EIF1,61.56963322
P3H4,0.934245983
FKBP10,0.579456448
DNAJC7,0.445487034
RAB5C,0.703433613
STAT3,2.691821994
CAVIN1,1.231696793
RAMP2,0.80272644
COA3,0.500863843
BECN1,0.42463227
RPL27,1.966196195
IFI35,1.21084219
VAT1,0.893953787
ARL4D,1.105334391
LSM12,0.864067536
UBTF,0.441676794
GRN,0.951684381
GJC1,0.545029681
NMT1,0.396549214
HEXIM1,0.351746404
ARF2,0.609595214
KANSL1,0.305626774
TLK2,0.367930879
MRC2,0.84946385
CCDC47,0.436120872
FTSJ3,0.301342526
PSMC5,1.192329564
DDX5,13.49965447
SMURF2,0.435660932
BPTF,0.581466246
PSMD12,1.229626787
PRKCA,0.631283979
GNA13,1.338859057
PRKAR1A,2.423985536
SOX9,1.495990877
FAM104A,1.320542444
CDC42EP4,0.324976438
RPL38,8.660332238
CDR2L,1.120178869
ATP5H,4.880873497
JPT1,2.272099998
SUMO2,4.638650434
MRPS7,0.806478086
GRB2,1.36112854
H3F3B,42.85337184
WBP2,0.306075646
TRIM47,0.383697686
MRPL38,0.305180499
ACOX1,0.39352421
UBALD2,0.376593784
PRPSAP1,0.377501607
SPHK1,1.350259701
CYGB,4.016453168
1810032O08RIK,0.452957839
MXRA7,2.152022432
JMJD6,0.498765959
SRSF2,3.26273666
SNHG20,0.310397786
SEC14L1,0.651115718
SEPT9,0.616114276
TNRC6C,0.324235985
SOCS3,3.516410502
PGS1,0.373864842
TIMP2,15.26115468
LGALS3BP,0.303074042
GAA,0.846703578
EIF4A3,0.811607684
RNF213,1.570287623
BAIAP2,1.245667094
NDUFAF8,0.526014554
SLC38A10,0.319700976
ACTG1,27.12962764
MRPL12,0.807616187
MCRIP1,0.466744962
P4HB,1.288396303
ARHGDIA,1.759290874
ALYREF,1.442243239
ANAPC11,0.984987902
MAFG,0.993075691
CENPX,0.498448285
GPS1,0.466255687
FASN,0.338211509
CSNK1D,0.813910933
WDR45B,0.395659554
METRNL,5.779478075
GDI2,1.57848183
FAM208B,0.302736885
KLF6,2.7709758
PITRM1,0.335489367
PFKP,0.840731147
IDI1,0.593967776
GTPBP4,1.177847033
ZMYND11,0.644286722
NID1,1.125093997
ARID4B,0.934926229
MRPL32,0.576019218
PSMA2,2.140988692
INHBA,0.501335748
CDK13,0.334185159
RALA,0.465150898
YAE1D1,0.336404392
ABT1,0.419510597
HIST1H2BC,0.356273302
BC005537,1.040342928
GM11361,0.464940843
SOX4,1.520404737
UQCRFS1,0.945608899
FOXC1,1.179473246
GMDS,0.386560178
SERPINB6A,2.881963374
RIPK1,1.10709528
TUBB2A,4.623625207
TUBB2B,0.61318126
PSMG4,0.494310692
PXDC1,1.743159637
PRPF4B,0.771592994
ECI2,0.434188873
SSR1,0.85301466
RIOK1,0.39435568
SNRNP48,0.596548736
TXNDC5,1.279625356
EEF1E1,0.328815964
PAK1IP1,0.752629795
TMEM14C,0.591074785
NEDD9,1.62422529
HIVEP1,0.31878245
NOL7,0.685344842
MCUR1,0.325643035
DTNBP1,0.663868869
MYLIP,0.352301283
NUP153,0.338397871
DEK,0.919344285
FAM120A,0.388744048
NINJ1,0.860087468
CARD19,0.998657042
ECM2,0.650462815
ASPN,2.762492671
OMD,2.195155305
OGN,6.606755381
IARS,0.439592708
SPIN1,0.480756618
S1PR3,0.397305905
GADD45G,4.065967367
NFIL3,0.778156804
4833439L19RIK,0.333567407
NOP16,0.424260828
HIGD2A,0.897570364
CLTB,3.431323603
RAB24,0.391238721
PRELID1,0.993937383
LMAN2,0.811834414
PDLIM7,0.908480039
TMED9,2.637501046
CAML,0.465076036
B230219D22RIK,0.56177204
TXNDC15,0.467417389
PCBD2,0.487323105
H2AFY,1.039655083
CXCL14,2.360547245
TGFBI,0.628838883
HNRNPA0,3.475050358
UBQLN1,0.342862069
GKAP1,0.411072167
HNRNPK,3.185180299
NTRK2,0.400908919
ZCCHC6,0.552007749
GAS1,1.524361521
2010111I01RIK,3.021466413
PTCH1,0.36357342
AAED1,0.579705223
CTSL,44.85283445
UQCRB,3.445720311
PAPD7,0.348309763
NSUN2,0.331322142
MED10,0.61154918
IRX1,0.451723775
NDUFS6,1.280154049
MRPL36,0.361910871
CLPTM1L,0.656626262
NKD2,0.908787343
PDCD6,1.376092398
SDHA,0.388838685
CCDC127,0.512183057
FTL1-PS1,0.547641506
CAST,0.874497808
ELL2,1.128082475
GLRX,1.195743946
NR2F1,0.325868802
ARRDC3,1.375748738
LYSMD3,0.456610028
CETN3,1.093893593
RASA1,0.436592039
COX7C,3.606326879
TMEM167,1.266032346
RPS23,14.97161519
SSBP2,0.578865736
THBS4,1.255483064
HOMER1,0.523262422
ARSB,0.34277831
LHFPL2,1.495005301
TBCA,1.672040212
AGGF1,0.437384207
F2R,0.590143261
HMGCR,0.323802017
NSA2,0.763576222
HEXB,1.399191639
GM10260,2.345732825
BTF3,7.990325773
GM10320,0.369826104
FCHO2,0.361954769
TNPO1,0.426701533
MAP1B,1.438639675
BDP1,0.467282568
SERF1,0.432955427
SMN1,0.378513092
AK6,0.438498989
CDK7,0.326138234
MRPS36,0.303949936
SLC30A5,0.502245087
PIK3R1,2.494696831
MAST4,1.031880421
SREK1,0.490451639
ERBIN,0.915138124
RGS7BP,1.168603934
KIF2A,0.602687788
PLK2,1.537081622
GPBP1,0.867185884
IL6ST,1.804640854
PLPP1,1.114318992
GPX8,2.193515112
ESM1,1.345628546
SNX18,1.233222187
NDUFS4,0.55192925
FST,3.547059614
MOCS2,0.846164363
EMB,4.558585266
PAIP1,0.304321272
TMEM267,0.332002271
HMGCS1,0.780855157
ZFP131,1.01392855
RAB10,1.850131806
SF3B6,1.619947278
RHOB,0.854067481
PUM2,0.723897537
SDC1,0.46734888
LAPTM4A,9.386176012
SMC6,0.767479173
DDX1,0.369574953
ROCK2,1.868932724
PDIA6,2.635249377
ODC1,8.353584861
HPCAL1,0.33859514
ITGB1BP1,0.323453885
YWHAQ,3.706922181
ID2,1.278948079
RSAD2,0.365273893
RPS7,14.30699609
ACP1,0.380558545
DLD,0.540521703
CCDC71L,0.34066651
NAMPT,1.323053439
SYPL,0.888435767
TWISTNB,0.700794085
TWIST1,1.79370125
AHR,0.341593518
BZW2,0.535623554
SOSTDC1,0.549168693
ARL4A,2.664398843
IFRD1,24.29455186
DNAJB9,2.528073294
PNPLA8,0.421888489
STRN3,0.697305152
AP4S1,0.649309374
HECTD1,0.958929148
ARHGAP5,0.824172801
SPTSSA,1.423544002
SNX6,0.395150206
CFL2,0.458777609
BAZ1A,0.334957513
PSMA6,0.915399589
NFKBIA,5.748365246
TRAPPC6B,0.905553881
PNN,0.899923615
MIA2,0.396447312
FBXO33,0.556951584
FKBP3,0.66011162
RPS29,16.40978765
RPL36AL,1.366037303
MGAT2,1.056841459
KLHDC2,0.834149672
NEMF,0.312702086
ARF6,1.209834777
MAP4K5,0.369661756
SAV1,0.597316125
TMX1,0.446119316
FRMD6,0.969965202
ACTR10,0.776110331
PSMA3,3.961122681
TIMM9,0.680814254
DACT1,0.669550607
JKAMP,0.389442422
DHRS7,0.633377623
PPM1A,0.84924996
HIF1A,4.069567301
SNAPC1,0.567559246
RHOJ,1.557550484
WDR89,0.359969509
SYNE2,0.309478925
ZBTB1,0.412581453
HSPA2,1.101242089
CHURC1,0.483256758
MAX,0.76345664
MPP5,0.625182098
ATP6V1D,0.492017188
EIF2S1,0.951685793
VTI1B,0.566812392
ZFP36L1,4.797126516
ACTN1,0.966870805
ERH,0.973667388
SUSD6,1.099169423
SRSF5,3.496621257
SMOC1,2.586908037
SYNJ2BP,0.367298619
RBM25,1.041490286
PSEN1,0.320528408
ACOT1,0.318316517
NPC2,3.311169969
LTBP2,2.176951058
DLST,0.606313906
PGF,1.645610121
TMED10,3.548090635
FOS,5.99660898
JDP2,1.363424565
BATF,0.38837612
TTLL5,0.321667325
TGFB3,1.139389576
IFT43,0.55785537
IRF2BPL,0.7149634
AHSA1,0.468492102
SPTLC2,0.649935059
ALKBH1,0.623157243
SLIRP,0.336859944
SNW1,0.55002657
DIO2,0.445561896
SEL1L,0.343871611
FLRT2,0.935490318
ZC3H14,0.343404472
FOXN3,1.086253136
PSMC1,0.423474853
CALM1,7.578508377
PPP4R3A,0.359947088
FBLN5,5.191820648
TRIP11,0.862005473
LGMN,0.406809178
TMEM251,0.968120229
BTBD7,0.701379536
DDX24,1.968145961
IFI27,4.374386501
IFI27L2A,1.034832792
SERPINA3N,0.420888849
GLRX5,1.218172585
PAPOLA,0.650106118
SETD3,0.527404234
YY1,0.530040464
DLK1,1.828851953
MEG3,4.30830184
MIRG,0.527066667
DYNC1H1,0.916037072
HSP90AA1,10.95167019
ANKRD9,0.434245654
EIF5,3.734579222
MARK3,0.449056768
CKB,2.649941943
BAG5,0.824088674
2010107E04RIK,1.085633813
INF2,0.337366079
SIVA1,0.936801624
AKT1,0.729193417
CRIP2,1.41430682
CRIP1,7.026896176
ESYT2,0.475378135
SELENOP,4.113369894
GHR,0.486357359
FBXO4,0.382552204
OXCT1,1.202541204
RPL37,14.97399571
PTGER4,0.36630096
DAB2,2.735637106
OSMR,2.041586512
GDNF,1.503953651
NIPBL,0.79343676
DNAJC21,0.555269621
BRIX1,0.842216225
RAI14,0.762893474
TARS,0.962584684
NPR3,0.553312018
SUB1,4.398142101
ZFR,0.660832944
GOLPH3,1.038427141
BASP1,0.585213063
MYO10,0.574251115
ZFP622,0.470206236
FBXL7,0.793081287
ANK,3.433479838
OTULIN,0.300461013
TRIO,0.346853928
DAP,1.722382694
MARCH6,0.331570045
CCT5,1.150592229
SNHG18,0.904704067
SDC2,1.51420244
CPQ,2.475935339
MTDH,1.539448957
RPL30,17.28924431
COX6C,4.473748896
POLR2K,0.618175286
RNF19A,0.359419429
PABPC1,3.844390611
YWHAZ,3.196710948
ZFP706,1.757902171
UBR5,0.646029431
AZIN1,1.447485319
CTHRC1,0.769994944
OXR1,0.521474456
ANGPT1,1.427433954
EIF3E,1.666324188
EMC2,0.609997505
ENY2,2.213072306
TRPS1,0.353018454
EIF3H,2.492072737
EXT1,0.974289031
TNFRSF11B,2.282169689
NOV,0.710509202
COL14A1,1.47031783
MRPL13,0.696527786
DERL1,0.821768277
ATAD2,0.308478639
FAM91A1,0.327951438
TMEM65,0.668283944
NDUFB9,2.429137296
SQLE,0.476342765
TRIB1,1.435919549
MYC,1.462853837
ASAP1,0.673503443
EFR3A,0.444589865
PHF20L1,0.503588948
WISP1,1.406499118
NDRG1,2.042286286
ST3GAL1,0.427553626
CHRAC1,0.462364281
AGO2,0.526062484
LY6E,0.561992286
LY6A,1.434059024
EEF1D,3.511536329
PUF60,0.755512091
PLEC,1.384822237
GRINA,0.385803848
CYC1,0.931214597
VPS28,0.889510175
CYHR1,0.42643401
RPL8,18.52409985
RBFOX2,0.877179117
MYH9,1.148812567
TXN2,0.848452141
EIF3D,0.59452118
IFT27,0.388862018
LGALS1,13.6479673
NOL12,0.409915819
EIF3L,0.471800072
POLR2F,0.800079782
MAFF,9.789377819
CSNK1E,0.408146911
KDELR3,0.463583259
DDX17,0.772604303
TOMM22,0.849733943
RPL3,14.2240337
ATF4,7.211780376
RPS19BP1,0.470309067
TNRC6B,0.330614961
SLC25A17,0.730919884
ST13,0.952733303
RBX1,1.997618788
TOB2,0.435097524
PHF5A,0.883965147
ACO2,0.434496934
PMM1,0.461432393
DESI1,0.406302075
SNU13,5.224550949
SMDT1,2.47587727
NDUFA6,1.065405386
POLDIP3,0.353894175
CYB5R3,1.487824098
TSPO,3.362945612
SCUBE1,0.564908645
SAMM50,0.39060336
NUP50,0.327858249
FBLN1,8.707096079
ATXN10,0.717308848
FAM19A5,0.401195259
BRD1,0.831491077
CRELD2,0.434707362
PIM3,0.733280908
PLXNB2,0.338247778
CPNE8,0.74335739
YAF2,1.232851079
ZCRB1,1.4191251
TWF1,0.60265173
NELL2,0.614611831
ANO6,0.537315408
SCAF11,0.87017108
SLC38A1,0.654170113
SLC38A2,4.249403304
SLC48A1,0.446898927
CCNT1,0.439240912
TUBA1B,2.6697279
TUBA1A,7.927319722
TUBA1C,3.120190412
SPATS2,0.491034188
TMBIM6,2.718923629
COX14,0.841642602
CERS5,0.387116739
LIMA1,2.783430673
LARP4,0.868964287
ATF1,0.661731884
SLC11A2,0.424831471
DAZAP2,0.364101637
ACVRL1,0.349486737
GRASP,0.477036791
NR4A1,1.055874671
EIF4B,0.434026808
IGFBP6,10.08332165
CSAD,0.33171142
PFDN5,5.632493528
PRR13,0.786852552
PCBP2,2.026298507
ATP5G2,2.328588902
CBX5,0.473397887
HNRNPA1,2.473760248
COPZ1,0.375037063
ITGA5,0.766583702
CREBBP,0.532274826
GLIS2,0.405927889
PAM16,0.330092748
VASN,5.016895773
GLYR1,0.370415832
UBN1,0.954313879
CARHSP1,0.495022676
USP7,0.470422663
1810013L24RIK,0.54335593
EMP2,0.671841526
SOCS1,1.49863602
LITAF,3.164376824
RSL1D1,1.661145027
GSPT1,1.615647499
NTAN1,0.928107966
PDXDC1,0.307513469
UBE2V2,0.764613011
MZT2,2.92246775
CEBPD,25.24403447
MAPK1,0.45868816
UBE2L3,1.324012102
SCARF2,1.642348876
DGCR6,0.325292102
RANBP1,2.138898341
COMT,0.580829873
UFD1,0.329353286
PARL,0.455703346
AP2M1,0.78614791
PSMD2,0.752305705
EIF4G1,1.079649547
POLR2H,0.308759544
SENP2,0.648109055
TRA2B,1.180846726
DNAJB11,0.950989638
EIF4A2,1.360592444
RTP4,2.038122377
LPP,0.775432519
CCDC50,0.488336943
HES1,2.198562359
ATP13A3,0.445953776
LSG1,0.440024349
ACAP2,0.571121148
PPP1R2,9.703307482
APOD,9.579132839
DLG1,0.391871461
0610012G03RIK,0.503711899
NCBP2,0.567373592
PAK2,0.82839537
PIGX,0.379380016
FYTTD1,0.714957087
RPL35A,16.94383043
SNX4,0.34032432
ZFP148,0.304157348
HEG1,0.401321184
ITGB5,1.174207381
MYLK,0.826850479
DIRC2,0.334020171
PARP14,1.110921467
DTX3L,0.381114209
PARP9,0.576410247
KPNA1,0.658484204
FAM162A,0.897109969
GOLGB1,0.432819411
NDUFB4,1.283150449
FSTL1,5.161185161
LRRC58,1.770140934
GSK3B,0.739243334
ADPRH,0.514833409
ARHGAP31,0.546777455
LSAMP,1.75389078
ZBTB20,3.825295901
ATP6V1A,0.341214559
NAA50,0.914063033
BOC,0.915233933
CCDC80,3.955287562
ATG3,0.730031992
CD200,2.882021545
PHLDB2,0.511606663
NECTIN3,0.868493739
CD47,2.350608527
BBX,0.571121692
NFKBIZ,0.603778999
RPL24,16.30551657
PCNP,0.958903929
TRMT10C,0.634969176
ABI3BP,2.471420136
TFG,0.880217235
TMEM45A,0.559617301
TOMM70A,0.402423772
COL8A1,3.485278702
CLDND1,2.520981331
ARL13B,0.910953887
PROS1,1.26308798
4930453N24RIK,0.540186032
CGGBP1,1.196440239
CHMP2B,0.519559715
HSPA13,0.6938507
NRIP1,1.125419967
USP25,0.502274274
D16ERTD472E,0.659084635
JAM2,0.352637344
ATP5J,4.871012953
APP,4.529247052
ADAMTS1,5.2463479
ADAMTS5,0.519811176
USP16,0.756834269
CCT8,1.387982861
BACH1,0.636882023
TIAM1,0.623771648
SOD1,0.798307034
IFNAR2,0.689111226
IFNGR2,0.302177839
SON,2.177145655
ATP5O.1,1.503132652
MRPS6,1.319228484
SLC5A3,0.732649307
SMIM11,1.032937488
RCAN1,2.935688207
RUNX1,3.480525034
CBR1,0.316769391
PIGP,0.982138414
TTC3,0.779462096
DYRK1A,0.533896713
ETS2,1.794950041
HMGN1,3.929019041
BACE2,0.965101148
SNX9,0.628890672
GTF2H5,1.357607862
TULP4,1.597969151
EZR,1.702033529
FNDC1,2.468577248
MPC1,2.37670032
QK,1.495531509
AGPAT4,0.452376681
IGF2R,0.523748215
MRPL18,0.376708543
TCP1,1.208194873
WTAP,0.312586316
SOD2,9.530487286
AFDN,0.336751116
SMOC2,0.399839387
THBS2,4.445129845
PHF10,1.069970964
PSMB1,2.087376242
CHD1,0.91708571
RIOK2,0.342704086
HAS1,2.78247762
PPP2R1A,0.395329061
HCFC1R1,1.429907211
TNFRSF12A,8.035476538
FLYWCH2,0.323875594
SRRM2,2.420384908
ELOB,5.617012954
RNPS1,0.473972261
ECI1,0.418774663
PGP,0.415925495
PKD1,0.434332004
RPS2,22.48225255
NDUFB10,1.700537764
MRPS34,0.584939992
TMEM204,0.386968254
GNPTG,0.709596655
UBE2I,1.798628693
FAM173A,0.658689786
STUB1,1.056859856
MRPL28,0.384369281
LUC7L,0.344512975
DUSP1,2.982307958
ATP6V0E,2.284915255
CUTA,0.865049295
UQCC2,0.867833674
RPS10,20.47125308
D17WSU92E,1.0842875
SNRPC,0.86115763
TAF11,0.409312677
RPL10A,11.18455498
SRPK1,0.540213693
SRSF3,3.537887113
CDKN1A,7.732941569
BC004004,0.344092123
PI16,2.429280569
MTCH1,3.677828317
PIM1,2.366931688
ZFAND3,0.510853725
BTBD9,0.521351025
GLO1,1.467938215
NDUFV3,0.935466517
U2AF1,2.449490949
SIK1,0.346958973
BRD4,0.57024072
HNRNPM,0.760798131
MARCH2,0.431044806
RAB11B,0.66390936
ANGPTL4,0.577558125
RPS28,6.052969347
NDUFA7,2.019828882
TAPBP,1.031473266
PFDN6,0.43285259
RPS18,7.479137997
H2-K1,7.572535642
H2-KE6,0.328633877
SLC39A7,0.858958228
BRD2,2.018702293
TAP1,0.950842174
PSMB8,0.829616551
TAP2,0.426095152
C4B,0.612925646
STK19,1.339143683
DXO,1.335965356
HSPA1B,0.746053509
HSPA1A,2.789026856
CLIC1,4.59239471
DDAH2,0.965590641
ABHD16A,0.520800467
CSNK2B,0.938850749
BAG6,0.332753529
PRRC2A,0.625841397
DDX39B,1.444051959
H2-D1,12.8701491
H2-Q4,1.883349275
H2-Q6,0.460241063
H2-Q7,0.335789791
IER3,14.15064378
FLOT1,0.529820003
TUBB5,2.484695412
PPP1R10,0.512981446
ABCF1,0.409949202
GNL1,0.739540237
H2-T23,0.701079654
H2-T22,0.303650693
BC023719,0.496705414
PPP1R11,0.645162428
ZNRD1,0.654978628
GM42418,19.12128719
AY036118,1.130885195
HSP90AB1,12.46308842
SLC29A1,0.975294922
VEGFA,3.293536275
MRPS18A,0.614853843
POLR1C,0.422188944
YIPF3,0.665153449
2310039H08RIK,0.311578974
RPL7L1,0.617898097
CCND3,0.559900839
TOMM6,0.331419706
RAB5A,0.974880992
SH3GL1,0.347866578
UBXN6,0.420739666
MYDGF,0.763746208
PTPRS,0.616007018
SAFB2,0.302740101
2410015M20RIK,1.157939879
RPL36,11.72333498
NDUFA11,1.744740817
CLPP,0.448825069
GTF2F1,0.666570804
TNFSF9,0.587013746
GPR108,0.300777162
TRIP10,0.340682852
EFNA5,0.395413564
VAPA,3.050207708
RAB31,0.329232416
RALBP1,0.472950019
TWSG1,0.568257084
ANKRD12,1.766794517
NDUFV2,0.817471722
RAB12,0.589202415
TGIF1,1.578282474
MYL12B,2.947968309
MYL12A,5.471861983
LPIN2,0.430153007
SMCHD1,1.186985931
WDR43,0.618198437
YPEL5,0.365932305
XDH,0.34776715
DPY30,0.358773342
YIPF4,1.23052682
BIRC6,0.587112852
LTBP1,0.687521669
CRIM1,0.929396355
FEZ2,0.344502057
VIT,0.617785021
EIF2AK2,0.797329133
CEBPZ,0.64935178
CYP1B1,2.442824291
ATL2,0.374484557
HNRNPLL,0.394865599
SRSF7,2.88150842
PKDCC,0.48418497
EML4,0.418668222
COX7A2L,0.849450623
ZFP36L2,0.971592689
EPAS1,0.807391167
RHOQ,1.340277696
CRIPT,0.385461242
MCFD2,0.582319469
CALM2,8.963447837
FBXO11,0.839508075
EIF2S3Y,0.428497639
DDX3Y,1.308570781
GM47283,5.635524951
CREM,0.956271694
BAMBI,2.890163841
MAP3K8,0.733745076
JCAD,0.352087867
SVIL,1.04151619
KIF5B,1.706298174
RPL27-PS3,0.315348229
EPC1,0.337395367
RAB18,2.136493673
WAC,0.638839877
COLEC12,2.403839766
USP14,0.424742371
ROCK1,1.637501883
SNRPD1,2.247867277
MIB1,0.43501269
RIOK3,0.837163939
OSBPL1A,0.325021135
IMPACT,0.886157095
SS18,0.592368248
TAF4B,0.510988185
KCTD1,0.837078542
RNF138,0.395275783
ZFP397,0.313536481
GALNT1,0.30769731
SLC39A6,0.304901518
POLR2D,0.602158964
MAP3K2,0.919408065
APC,0.597531711
SRP19,1.039808975
REEP5,2.682878795
EGR1,2.148828812
ETF1,2.951171686
HSPA9,2.698179416
CTNNA1,1.613176678
MATR3,1.201911341
PAIP2,1.583297465
UBE2D2A,2.741034321
PURA,1.000742932
CYSTM1,0.5216512
PFDN1,0.682463888
HBEGF,3.572736517
SRA1,0.922119093
CD14,0.402496507
NDUFA2,2.27336005
IK,0.305497003
HARS,0.398037621
ZMAT2,0.404763279
TAF7,0.765240772
NDFIP1,1.023377641
SPRY4,0.328860312
NR3C1,0.530004402
YIPF5,0.901160226
LARS,0.350567566
RBM27,0.522586445
DPYSL3,4.096735787
EIF3J2,0.321934452
DCP2,0.405311033
MCC,0.388604667
TMED7,0.904171607
EIF1A,4.997433464
CDO1,3.26456691
AP3S1,0.889104351
DMXL1,0.315470579
TNFAIP8,0.445444768
LOX,6.069160188
SNX2,0.353798335
PPIC,1.646930619
CSNK1G3,0.598658536
ALDH7A1,0.348007536
PHAX,0.829772503
CTXN3,0.488257973
SLC12A2,2.588431094
FBN2,0.3241625
F830016B08RIK,0.350131151
IIGP1,1.955755053
SMIM3,3.029811458
DCTN4,0.547688998
RBM22,0.420887869
SYNPO,0.396851159
NDST1,0.461288
RPS14,10.11716304
PDGFRB,1.383547052
CSNK1A1,4.553579991
PIEZO2,0.631578753
TXNL1,2.607935405
NARS,2.461840279
ATP8B1,0.452569425
SEC11C,0.576735041
LMAN1,0.954233503
TUBB6,3.925790942
SPIRE1,0.459987162
PTPN2,1.427283391
SEH1L,0.587441373
TCF4,2.255603509
MBD2,1.232568789
MEX3C,0.372594425
SMAD4,0.416057323
MBD1,0.462249688
ACAA2,0.442818075
RPL17,6.174890696
BC031181,1.316808116
SMAD7,1.707192924
IER3IP1,1.165951845
ATP5A1,2.632484927
SETBP1,0.574017135
GM16286,1.329048237
TXNL4A,0.878309762
PQLC1,4.098117068
NFATC1,0.618747553
CYB5A,1.920979555
TMX3,0.528300073
MRPL21,0.432111451
1810055G02RIK,1.825477102
CHKA,0.582193649
NDUFS8,0.739323657
NDUFV1,0.713461614
GSTP1,1.165607147
CDK2AP2,0.478939493
AIP,0.313599085
PPP1CA,1.003377829
CLCF1,0.623810113
POLD4,0.785921938
KDM2A,0.311007368
RBM4B,0.478972162
CCS,0.454020892
CTSF,1.281817158
YIF1A,0.459070259
SF3B2,0.686140546
BANF1,0.474744208
EIF1AD,1.055986291
DRAP1,1.859205728
FOSL1,2.179753502
CCDC85B,0.358932727
FIBP,0.31537847
EFEMP2,0.96294209
CFL1,6.4413753
RNASEH2C,0.508149182
RELA,0.99464839
EHBP1L1,0.344576068
LTBP3,1.896093304
MALAT1,185.2725332
NEAT1,4.098330355
FAU,20.04363276
ARL2,0.465728242
GPHA2,1.255552221
EHD1,1.182093823
SF1,0.875029187
PRDX5,1.827859639
TRMT112,0.774688429
PPP1R14B,1.429466879
FKBP2,1.621388215
STIP1,0.507368779
COX8A,7.603299332
RTN3,1.134658739
PLA2G16,0.466557219
SLC3A2,7.117784492
STX5A,0.325260762
NXF1,0.855915094
POLR2G,0.445873153
HNRNPUL2,0.392685881
UBXN1,1.056930222
GANAB,0.432874528
EEF1G,2.391042842
AHNAK,10.9661765
FTH1,85.36356512
TMEM258,0.998260955
CPSF7,0.301916151
DDB1,0.527719092
TMEM109,0.632146284
CCDC86,0.549408795
STX3,0.515182292
FAM111A,0.418783693
ZFP91,0.494060164
TLE4,0.373570161
PSAT1,0.353499909
GNAQ,0.553144249
RFK,0.620357991
OSTF1,0.517782791
CARNMT1,0.386964559
ANXA1,9.01722254
ALDH1A1,0.371144325
ZFAND5,3.929327407
ABHD17B,0.334781131
TMEM2,0.389856573
KLF9,5.748231602
GM9493,0.313543737
TJP2,0.431573727
SMARCA2,0.535575909
CDC37L1,0.332550852
AK3,0.439748645
RCL1,0.577526702
JAK2,0.612340439
PLGRKT,0.429370796
CD274,0.487166335
IL33,0.596197472
UHRF2,0.43133266
PRKG1,0.406568357
RPL9-PS6,0.644344913
PTEN,1.042854499
ACTA2,3.908809391
FAS,1.316452254
CH25H,1.302527417
LIPA,0.868563267
IFIT2,0.446862729
IFIT3,1.498972
IFIT3B,0.524252841
IFIT1,5.550112731
PCGF5,0.422047355
TNKS2,0.510087938
BTAF1,0.395103067
MARCH5,1.628191282
CYP26A1,2.031588587
RBP4,0.686357175
PDLIM1,0.447155533
TM9SF3,2.119728784
PGAM1,2.726053621
UBTD1,0.344694356
PI4K2A,0.767287028
SCD2,0.503837289
SCD1,0.515319515
NDUFB8,1.314461787
MRPL43,0.493700766
KAZALD1,1.615346977
NOLC1,0.637224976
NFKB2,0.681953101
CUEDC2,0.661812688
ARL3,0.787988497
BORCS7,0.349716408
USMG5,1.559175279
SH3PXD2A,0.715032675
STN1,0.393017719
SLK,1.00321044
SFR1,3.801480685
GSTO1,1.020983598
ADD3,0.60963061
SMNDC1,0.428464452
DUSP5,0.895942906
SMC3,0.508515175
PDCD4,0.688112244
BBIP1,0.403958157
CCDC186,0.48668261
PDZD8,0.425872433
FAM204A,0.704067445
EIF3A,1.83772617
PRDX3,0.370967295
MT-ND1,11.87978724
MT-ND2,17.45178049
MT-CO1,52.35238056
MT-CO2,74.69889903
MT-ATP8,2.454649229
MT-ATP6,100.1538847
MT-CO3,65.00043409
MT-ND3,4.577899401
MT-ND4L,9.968620897
MT-ND4,28.36602429
MT-ND5,5.686686404
MT-CYTB,64.46985415
